Species,Beginning Genome Size,Exon Start Range,Exon End Range,Non-Coding Start Range,Non-Coding End Range,Active TEs,TEs mobilized,TEs static,TEs in Exons,TEs in Non-Coding,Exon New Size,Non-Coding New Size,Total Genome Growth,Simulation Rounds,Total Time
Accipiter_nisus.Accipiter_nisus_ver1.0.112,1190649881,0,533365,533366,1190649881,1000,500719,499281,173,500546,1389016,3717590175,2528329310,1000,1.1882269382476807
Ailuropoda_melanoleuca.ASM200744v2.112,2444060653,0,21379888,21379889,2444060653,1000,499743,500257,4226,495517,42793219,4921825189,2520557755,1000,1.2353391647338867
Amazona_collaria.ASM394721v1.112,1258720284,0,10120975,10120976,1258720284,1000,500020,499980,3934,496086,29908488,3752109966,2523298170,1000,1.1237578392028809
Amphilophus_citrinellus.Midas_v5.112,844902565,0,3510573,3510574,844902565,1000,499943,500057,2114,497829,14262063,3353895122,2523254620,1000,1.1464014053344727
Amphiprion_ocellaris.ASM2253959v1.112,863484803,0,23623298,23623299,863484803,1000,500517,499483,13676,486841,92617221,3297603422,2526735840,1000,1.0014371871948242
Amphiprion_percula.Nemo_v1.112,908939294,0,22414662,22414663,908939294,1000,500385,499615,12227,488158,83936156,3350590900,2525587762,1000,1.1426711082458496
Anabas_testudineus.fAnaTes1.3.112,555641398,0,18933866,18933867,555641398,1000,500174,499826,16836,483338,103891914,2977540445,2525790961,1000,1.1356685161590576
Anas_platyrhynchos.ASM874695v1.112,1211992756,0,16224570,16224571,1211992756,1000,500657,499343,6658,493999,49545468,3689597889,2527150601,1000,1.1504130363464355
Anas_platyrhynchos_platyrhynchos.CAU_duck1.0.112,1136415614,0,17265404,17265405,1136415614,1000,499028,500972,7643,491385,55814663,3599058091,2518457140,1000,1.0265965461730957
Anas_zonorhyncha.ASM222487v1.112,1310797575,0,5238164,5238165,1310797575,1000,500214,499786,2067,498147,15621732,3818031953,2522856110,1000,1.120046615600586
Anolis_carolinensis.AnoCar2.0v2.112,1799143587,0,16304512,16304513,1799143587,1000,499755,500245,4562,495193,39402540,4283879304,2524138257,1000,1.2228562831878662
Anser_brachyrhynchus.ASM259213v1.112,1116992394,0,7806307,7806308,1116992394,1000,500813,499187,3628,497185,26076615,3618901371,2527985592,1000,0.9649584293365479
Anser_cygnoides.GooseV1.0.112,1130276682,0,7335300,7335301,1130276682,1000,499749,500251,3102,496647,22940071,3628436246,2521099635,1000,0.9994547367095947
Aotus_nancymaae.Anan_2.0.112,2861668348,0,10791719,10791720,2861668348,1000,500200,499800,1845,498355,20175511,5367159402,2525666565,1000,1.3553578853607178
Apteryx_haastii.aptHaa1.112,1221441152,0,3542956,3542957,1221441152,1000,499800,500200,1563,498237,11510961,3733516004,2523585813,1000,0.9600090980529785
Apteryx_owenii.aptOwe1.112,1231276503,0,4409932,4409933,1231276503,1000,500380,499620,1748,498632,13221093,3742181603,2524126193,1000,1.0653491020202637
Apteryx_rowi.aptRow1.112,1228902913,0,4649751,4649752,1228902913,1000,499488,500512,1889,497599,14142501,3735408233,2520647821,1000,1.0357387065887451
Astatotilapia_calliptera.fAstCal1.3.112,880428986,0,27120407,27120408,880428986,1000,499953,500047,15525,484428,105612735,3297599820,2522783569,1000,1.089792251586914
Astyanax_mexicanus.Astyanax_mexicanus-2.0.112,1335239194,0,22255158,22255159,1335239194,1000,500070,499930,8235,491835,63830426,3795840505,2524431737,1000,1.0572991371154785
Astyanax_mexicanus_pachon.Astyanax_mexicanus-1.0.2.112,1191242572,0,4930621,4930622,1191242572,1000,500560,499440,2072,498488,15365670,3703683949,2527807047,1000,1.032329797744751
Athene_cunicularia.athCun1.112,1157069330,0,13063671,13063672,1157069330,1000,500922,499078,5800,495122,41903427,3644252688,2529086785,1000,1.081186294555664
Balaenoptera_musculus.mBalMus1.v2.112,2379995981,0,20398733,20398734,2379995981,1000,499820,500180,4321,495499,42270593,4864008750,2526283362,1000,1.1893863677978516
Betta_splendens.fBetSpl5.2.112,441371523,0,17205239,17205240,441371523,1000,500616,499384,19616,481000,116425313,2851397245,2526451035,1000,1.287651538848877
Bison_bison_bison.Bison_UMD1.0.112,2953622319,0,8456392,8456393,2953622319,1000,499700,500300,1349,498351,15281538,5462603768,2524262987,1000,1.1185450553894043
Bos_grunniens.LU_Bosgru_v3.0.112,2832776395,0,22688907,22688908,2832776395,1000,499630,500370,3860,495770,42108487,5313847663,2523179755,1000,0.9917597770690918
Bos_indicus_hybrid.UOA_Brahman_1.112,2680953056,0,30497616,30497617,2680953056,1000,500693,499307,5824,494869,60127289,5146305587,2525479820,1000,1.1250619888305664
Bos_mutus.BosGru_v2.0.112,2645161911,0,3383581,3383582,2645161911,1000,499363,500637,659,498704,6781330,5160137444,2521756863,1000,1.0884730815887451
Bos_taurus.ARS-UCD1.3.112,2711209831,0,36421089,36421090,2711209831,1000,501405,498595,6798,494607,70720202,5168848224,2528358595,1000,1.1521432399749756
Bos_taurus_hybrid.UOA_Angus_1.112,2580764822,0,29134990,29134991,2580764822,1000,500161,499839,5631,494530,57590418,5049557358,2526382954,1000,1.0584986209869385
Bubo_bubo.BubBub1.0.112,1258069325,0,7859242,7859243,1258069325,1000,500806,499194,3264,497542,24391191,3760456119,2526777985,1000,1.066965103149414
Buteo_japonicus.ButJap1.0.112,1259715124,0,7316854,7316855,1259715124,1000,500296,499704,2827,497469,21568058,3763259152,2525112086,1000,1.0886194705963135
Caenorhabditis_elegans.WBcel235.112,100286401,0,11466639,11466640,100286401,1000,499532,500468,59440,440092,311152540,2310924046,2521790185,1000,1.0735585689544678
Cairina_moschata_domestica.CaiMos1.0.112,1109207201,0,15520707,15520708,1109207201,1000,500409,499591,6892,493517,50237973,3582739543,2523770315,1000,1.2767541408538818
Calidris_pugnax.ASM143184v1.112,1229094286,0,10112131,10112132,1229094286,1000,499757,500243,4154,495603,30806401,3721274262,2522986377,1000,1.1170063018798828
Calidris_pygmaea.ASM369795v1.112,1178350366,0,5874762,5874763,1178350366,1000,500443,499557,2469,497974,18306084,3686559553,2526515271,1000,1.1492736339569092
Callithrix_jacchus.mCalJac1.pat.X.112,2829711198,0,28893707,28893708,2829711198,1000,499566,500434,5087,494479,54303373,5298375849,2522968024,1000,1.2665178775787354
Callorhinchus_milii.Callorhinchus_milii-6.1.3.112,974498586,0,7714862,7714863,974498586,1000,500065,499935,3957,496108,27653461,3470092873,2523247748,1000,1.1152257919311523
Camarhynchus_parvulus.Camarhynchus_parvulus_V1.1.112,1064016364,0,15396573,15396574,1064016364,1000,500331,499669,7413,492918,52803232,3537333291,2526120159,1000,1.2135064601898193
Camelus_dromedarius.CamDro2.112,2154386959,0,20137145,20137146,2154386959,1000,499228,500772,4569,494659,43114195,4631603356,2520330592,1000,1.1455650329589844
Canis_lupus_dingo.ASM325472v1.112,2439831507,0,15918489,15918490,2439831507,1000,499648,500352,3288,496360,32661078,4929600463,2522430034,1000,1.1023757457733154
Canis_lupus_familiarisbasenji.Basenji_breed-1.1.112,2410429933,0,20606378,20606379,2410429933,1000,499835,500165,4350,495485,42556168,4890429679,2522555914,1000,0.980358362197876
Canis_lupus_familiarisboxer.Dog10K_Boxer_Tasha.112,2312785471,0,31323569,31323570,2312785471,1000,499598,500402,6702,492896,65392306,4771578349,2524185184,1000,1.100419044494629
Canis_lupus_familiarisgreatdane.UMICH_Zoey_3.1.112,2343202000,0,21104874,21104875,2343202000,1000,499971,500029,4581,495390,44293204,4820398254,2521489458,1000,1.1808934211730957
Canis_lupus_familiarisgsd.UU_Cfam_GSD_1.0.112,2481983352,0,32134014,32134015,2481983352,1000,501269,498731,6378,494891,64404456,4949191688,2531612792,1000,1.0080924034118652
Canis_lupus_familiaris.ROS_Cfam_1.0.112,2396858295,0,31282366,31282367,2396858295,1000,499948,500052,6474,493474,63813750,4856068797,2523024252,1000,1.2343807220458984
Capra_hircus.ARS1.112,2922813246,0,22772805,22772806,2922813246,1000,500668,499332,3751,496917,41765619,5407299841,2526252214,1000,1.2194483280181885
Capra_hircus_blackbengal.CVASU_BBG_1.0.112,3041623660,0,31991338,31991339,3041623660,1000,499227,500773,5175,494052,58096540,5504663888,2521136768,1000,1.2404451370239258
Carassius_auratus.ASM336829v1.112,1820635050,0,24940422,24940423,1820635050,1000,500341,499659,6761,493580,58692254,4287563995,2525621199,1000,1.2331888675689697
Carlito_syrichta.Tarsius_syrichta-2.0.1.112,3453864774,0,1442261,1442262,3453864774,1000,500337,499663,190,500147,2360011,5977507944,2526003181,1000,1.339052438735962
Castor_canadensis.C.can_genome_v1.0.112,2518306565,0,1756658,1756659,2518306565,1000,500282,499718,367,499915,3664291,5039710179,2525067905,1000,0.9804394245147705
Catagonus_wagneri.CatWag_v2_BIUU_UCD.112,2640067814,0,12681909,12681910,2640067814,1000,500531,499469,2379,498152,24683589,5140207490,2524823265,1000,1.1364495754241943
Catharus_ustulatus.bCatUst1.pri.112,1131616430,0,13895375,13895376,1131616430,1000,500183,499817,6128,494055,44650558,3612470215,2525504343,1000,1.366574764251709
Cavia_aperea.CavAp1.0.112,2716396567,0,9147913,9147914,2716396567,1000,499959,500041,1682,498277,17572462,5222710447,2523886342,1000,1.1745202541351318
Cavia_porcellus.Cavpor3.0.112,2723219641,0,18251404,18251405,2723219641,1000,499850,500150,3342,496508,35028788,5211732093,2523541240,1000,1.1682641506195068
Cebus_imitator.Cebus_imitator-1.0.112,2717703182,0,9033770,9033771,2717703182,1000,500185,499815,1648,498537,17436859,5223717143,2523450820,1000,1.0419566631317139
Cercocebus_atys.Caty_1.0.112,2848246356,0,15418010,15418011,2848246356,1000,500034,499966,2674,497360,29058402,5343674089,2524486135,1000,1.0920686721801758
Cervus_hanglu_yarkandensis.CEY_v1.112,2594114534,0,22203908,22203909,2594114534,1000,499840,500160,4196,495644,43306951,5073483576,2522675993,1000,1.102982997894287
Chelonoidis_abingdonii.ASM359739v1.112,2300739315,0,3527085,3527086,2300739315,1000,500234,499766,743,499491,7212194,4819223139,2525696018,1000,1.1322438716888428
Chelydra_serpentina.Chelydra_serpentina-1.0.112,2401360239,0,12981809,12981810,2401360239,1000,499616,500384,2677,496939,26684585,4896648557,2521972903,1000,1.0347518920898438
Chinchilla_lanigera.ChiLan1.0.112,2390868971,0,18259833,18259834,2390868971,1000,500043,499957,3814,496229,37304150,4878674063,2525109242,1000,1.1130971908569336
Chlorocebus_sabaeus.ChlSab1.1.112,2789656328,0,23021948,23021949,2789656328,1000,500995,499005,4141,496854,43953787,5274160241,2528457700,1000,1.0360960960388184
Choloepus_hoffmanni.choHof1.112,2467493193,0,274224,274225,2467493193,1000,500232,499768,65,500167,603034,4991056461,2524166302,1000,1.0908050537109375
Chrysemys_picta_bellii.Chrysemys_picta_bellii-3.0.3.112,2365766571,0,11384265,11384266,2365766571,1000,499511,500489,2320,497191,23131225,4863312515,2520677169,1000,1.1180572509765625
Chrysolophus_pictus.Chrysolophus_pictus_GenomeV1.0.112,1023990748,0,3498065,3498066,1023990748,1000,500547,499453,1706,498841,12070588,3536447787,2524527627,1000,1.211043119430542
Ciona_intestinalis.KH.112,115227500,0,4931359,4931360,115227500,1000,499468,500532,20154,479314,106042744,2530166236,2520981480,1000,1.0901978015899658
Ciona_savignyi.CSAV2.0.112,177003750,0,3084002,3084003,177003750,1000,500963,499037,8587,492376,46266604,2661409032,2530671886,1000,1.0847458839416504
Clupea_harengus.Ch_v2.0.2v2.112,786325606,0,22040662,22040663,786325606,1000,500610,499390,13920,486690,92270380,3220566541,2526511315,1000,1.1057801246643066
Colobus_angolensis_palliatus.Cang.pa_1.0.112,2970124662,0,10330784,10330785,2970124662,1000,499352,500648,1720,497632,18948855,5473062852,2521887045,1000,1.0689551830291748
Corvus_moneduloides.bCorMon1.pri.112,1112734094,0,16066683,16066684,1112734094,1000,499633,500367,7317,492316,52607524,3582233630,2522107060,1000,1.042959451675415
Cottoperca_gobio.fCotGob3.1.112,609391784,0,18481889,18481890,609391784,1000,499824,500176,15102,484722,94942360,3039304641,2524855217,1000,1.0367579460144043
Coturnix_japonica.Coturnix_japonica_2.0.112,927656957,0,15921464,15921465,927656957,1000,499676,500324,8589,491087,59296976,3388766786,2520406805,1000,1.082425832748413
Cricetulus_griseus_chok1gshd.CHOK1GS_HDv1.112,2358167390,0,19400617,19400618,2358167390,1000,499636,500364,4044,495592,39772934,4841688879,2523294423,1000,1.217416524887085
Cricetulus_griseus_crigri.CriGri_1.0.112,2399786748,0,3593610,3593611,2399786748,1000,499423,500577,787,498636,7559872,4915761372,2523534496,1000,1.096768856048584
Cricetulus_griseus_picr.CriGri-PICRH-1.0.112,2366634374,0,38560055,38560056,2366634374,1000,500217,499783,8270,491947,80508927,4810227874,2524102427,1000,1.1729717254638672
Crocodylus_porosus.CroPor_comp1.112,2049536252,0,15481742,15481743,2049536252,1000,499343,500657,3695,495648,34221175,4536772947,2521457870,1000,1.0958356857299805
Cyanistes_caeruleus.cyaCae2.112,1186980630,0,12750904,12750905,1186980630,1000,500341,499659,5538,494803,40950922,3669302384,2523272676,1000,1.1309912204742432
Cyclopterus_lumpus.fCycLum1.pri.112,572885595,0,15615306,15615307,572885595,1000,499861,500139,13383,486478,82786842,3011554543,2521455790,1000,1.0358271598815918
Cynoglossus_semilaevis.Cse_v1.0.112,470199494,0,17197487,17197488,470199494,1000,500284,499716,18124,482160,108778585,2883991376,2522570467,1000,0.9474318027496338
Cyprinodon_variegatus.C_variegatus-1.0.112,1035184475,0,2605134,2605135,1035184475,1000,500596,499404,1222,499374,8771718,3554083541,2527670784,1000,0.9980711936950684
Cyprinus_carpio_carpio.Cypcar_WagV4.0.112,1460365368,0,32156943,32156944,1460365368,1000,499803,500197,10862,488941,86984607,3897720144,2524339383,1000,1.233107328414917
Cyprinus_carpio_germanmirror.German_Mirror_carp_1.0.112,1414711435,0,8948206,8948207,1414711435,1000,499697,500303,3185,496512,25172973,3912460265,2522921803,1000,1.1908199787139893
Cyprinus_carpio_hebaored.Hebao_red_carp_1.0.112,1457977772,0,4234450,4234451,1457977772,1000,500598,499402,1617,498981,12428426,3968998608,2523449262,1000,0.9698994159698486
Cyprinus_carpio_huanghe.Hunaghe_carp_2.0.112,1423633724,0,6199696,6199697,1423633724,1000,500565,499435,2369,498196,18177810,3933371286,2527915372,1000,1.0039911270141602
Danio_rerio.GRCz11.112,1373471384,0,28218515,28218516,1373471384,1000,500442,499558,10326,490116,80408489,3818259578,2525196683,1000,1.107421636581421
Dasypus_novemcinctus.Dasnov3.0.112,3631522711,0,4493570,4493571,3631522711,1000,499655,500345,619,499036,7736587,6145787985,2522001861,1000,1.1913514137268066
Delphinapterus_leucas.ASM228892v3.112,2362774659,0,16371359,16371360,2362774659,1000,499875,500125,3365,496510,33414421,4850409188,2521048950,1000,1.1146411895751953
Denticeps_clupeoides.fDenClu1.2.112,567401054,0,18576149,18576150,567401054,1000,499560,500440,16464,483096,101797077,2988139410,2522535433,1000,1.1168887615203857
Dicentrarchus_labrax.dlabrax2021.112,695892153,0,24495591,24495592,695892153,1000,499492,500508,17557,481935,113099575,3103983788,2521191210,1000,1.0170960426330566
Dipodomys_ordii.Dord_2.0.112,2236368823,0,10693988,10693989,2236368823,1000,499717,500283,2368,497349,22752443,4736229211,2522612831,1000,1.0995938777923584
Dromaius_novaehollandiae.droNov1.112,1192237364,0,5412342,5412343,1192237364,1000,499998,500002,2156,497842,16115877,3700105497,2523984010,1000,1.2779793739318848
Drosophila_melanogaster.BDGP6.46.112,143726002,0,16565952,16565953,143726002,1000,500095,499905,58050,442045,309288746,2358395720,2523958464,1000,1.1841237545013428
Echeneis_naucrates.fEcheNa1.1.112,544212633,0,16030977,16030978,544212633,1000,499266,500734,14364,484902,88326887,2975279236,2519393490,1000,1.238227367401123
Echinops_telfairi.TENREC.112,3833584941,0,581160,581161,3833584941,1000,499841,500159,65,499776,898307,6355584321,2522897687,1000,1.1937129497528076
Electrophorus_electricus.fEleEle1.pri.112,589358956,0,16540538,16540539,589358956,1000,499620,500380,14108,485512,88075170,3022074789,2520791003,1000,1.0980675220489502
Eptatretus_burgeri.Eburgeri_3.2.112,2608383542,0,5231846,5231847,2608383542,1000,499486,500514,1005,498481,10310810,5117258906,2519186174,1000,1.0949842929840088
Equus_asinus.ASM1607732v2.112,2431907375,0,34471955,34471956,2431907375,1000,499778,500222,7247,492531,70798160,4883761183,2522651968,1000,0.8063774108886719
Equus_caballus.EquCab3.0.112,2506966135,0,30851080,30851081,2506966135,1000,500229,499771,6195,494034,62128107,4969852468,2525014440,1000,0.7871050834655762
Erinaceus_europaeus.HEDGEHOG.112,3377541562,0,497415,497416,3377541562,1000,499705,500295,61,499644,815996,5898386102,2521660536,1000,0.7295734882354736
Erpetoichthys_calabaricus.fErpCal1.1.112,3811022027,0,21967028,21967029,3811022027,1000,500474,499526,2845,497629,36317928,6297231204,2522527105,1000,0.7029762268066406
Erythrura_gouldiae.GouldianFinch.112,1070785140,0,10586116,10586117,1070785140,1000,500008,499992,5143,494865,36571324,3556956455,2522742639,1000,0.6612033843994141
Esox_lucius.fEsoLuc1.pri.112,918748614,0,26914173,26914174,918748614,1000,500620,499380,14779,485841,101541103,3345990885,2528783374,1000,0.8368816375732422
Falco_tinnunculus.FalTin1.0.112,1179901403,0,12690911,12690912,1179901403,1000,500237,499763,5231,495006,39039530,3665521045,2524659172,1000,0.6683213710784912
Felis_catus.Felis_catus_9.0.112,2521863845,0,25571035,25571036,2521863845,1000,500468,499532,5175,495293,51862560,4994887794,2524886509,1000,0.6854066848754883
Ficedula_albicollis.FicAlb1.5.112,1118343587,0,16748087,16748088,1118343587,1000,500952,499048,7437,493515,54243868,3590849981,2526750262,1000,0.6180417537689209
Fukomys_damarensis.DMR_v1.0.112,2333908851,0,9013506,9013507,2333908851,1000,500083,499917,1900,498183,18536355,4839818555,2524446059,1000,0.6266269683837891
Fundulus_heteroclitus.Fundulus_heteroclitus-3.0.2.112,1021898560,0,3886531,3886532,1021898560,1000,500270,499730,1795,498475,12977435,3534012800,2525091675,1000,0.6194102764129639
Gadus_morhua.gadMor3.0.112,669949713,0,19725210,19725211,669949713,1000,500943,499057,14387,486556,92330093,3105383584,2527763964,1000,0.6207582950592041
Gadus_morhua_gca010882105v1.gadMor_Celtic.112,684268512,0,22407982,22407983,684268512,1000,499407,500593,15919,483488,102717468,3102135573,2520584529,1000,0.6152491569519043
Gallus_gallus.bGalGal1.mat.broiler.GRCg7b.112,1053332251,0,37243080,37243081,1053332251,1000,499919,500081,17575,482344,125830459,3450440690,2522938898,1000,0.6162233352661133
Gallus_gallus_gca000002315v5.GRCg6a.112,1065365425,0,37743597,37743598,1065365425,1000,500144,499856,17615,482529,126905349,3463282633,2524822557,1000,0.623650312423706
Gallus_gallus_gca016700215v2.bGalGal1.pat.whiteleghornlayer.GRCg7w.112,1048336660,0,37597348,37597349,1048336660,1000,499763,500237,18331,481432,130147271,3442124778,2523935389,1000,0.6198031902313232
Gambusia_affinis.ASM309773v1.112,598663367,0,11180242,11180243,598663367,1000,499496,500504,9260,490236,57965204,3061701914,2521003751,1000,0.6093459129333496
Gasterosteus_aculeatus.GAculeatus_UGA_version5.112,471877818,0,21452283,21452284,471877818,1000,500561,499439,22891,477670,136992911,2860972540,2526087633,1000,0.6166532039642334
Gasterosteus_aculeatus_gca006229185v1.BOT.112,427295814,0,1572524,1572525,427295814,1000,500655,499345,1675,498980,10006191,2942519672,2525230049,1000,0.6083705425262451
Gasterosteus_aculeatus_gca006232265v1.BAM.112,445644378,0,2363694,2363695,445644378,1000,499781,500219,2791,496990,16659865,2954029509,2525044996,1000,0.6139898300170898
Gasterosteus_aculeatus_gca006232285v1.SYL.112,431811987,0,1923620,1923621,431811987,1000,501172,498828,2244,498928,13276875,2947094938,2528559826,1000,0.6097891330718994
Geospiza_fortis.GeoFor_1.0.112,1065292181,0,7340008,7340009,1065292181,1000,500690,499310,3487,497203,24800124,3570356441,2529864384,1000,0.6151683330535889
Gopherus_agassizii.ASM289641v1.112,2184966080,0,902307,902308,2184966080,1000,499702,500298,192,499510,1870646,4706284198,2523188764,1000,0.629610538482666
Gopherus_evgoodei.rGopEvg1_v1.p.112,2298547364,0,18432196,18432197,2298547364,1000,499247,500753,4021,495226,38613956,4779383665,2519450257,1000,0.630826473236084
Gorilla_gorilla.gorGor4.112,3063362794,0,25142797,25142798,3063362794,1000,500625,499375,4137,496488,46191092,5543826139,2526654437,1000,0.6304807662963867
Gouania_willdenowi.fGouWil2.1.112,937150793,0,20609848,20609849,937150793,1000,500763,499237,11118,489645,76717632,3385984336,2525551175,1000,0.6513113975524902
Heterocephalus_glaber_female.Naked_mole-rat_maternal.112,2500150894,0,34336134,34336135,2500150894,1000,500074,499926,6748,493326,68368485,4957871346,2526088937,1000,0.7479720115661621
Heterocephalus_glaber_male.Naked_mole-rat_paternal.112,2499457497,0,33968686,33968687,2499457497,1000,498868,501132,6764,492104,68102260,4949733363,2518378126,1000,0.7735893726348877
Hippocampus_comes.H_comes_QL1_v1.112,493775940,0,5027494,5027495,493775940,1000,500448,499552,4873,495575,29705888,2988690301,2524620249,1000,0.6694529056549072
Homo_sapiens.GRCh38.112,3099750718,0,64914352,64914353,3099750718,1000,499565,500435,10077,489488,115697212,5505578321,2521524815,1000,0.7986457347869873
Hucho_hucho.ASM331708v1.112,2487549814,0,2259268,2259269,2487549814,1000,499985,500015,406,499579,4328955,5007499154,2524278295,1000,0.801863431930542
Ictalurus_punctatus.ASM400665v3.112,1036985268,0,23898737,23898738,1036985268,1000,499957,500043,11415,488542,81385667,3476366042,2520766441,1000,0.8495321273803711
Ictidomys_tridecemlineatus.SpeTri2.0.112,2478410228,0,12599212,12599213,2478410228,1000,499875,500125,2513,497362,25330100,4976184854,2523104726,1000,0.9074223041534424
Jaculus_jaculus.JacJac1.0.112,2835250225,0,11602455,11602456,2835250225,1000,499682,500318,1966,497716,21464685,5337995376,2524209836,1000,1.035038948059082
Junco_hyemalis.ASM382977v1.112,958315288,0,14791589,14791590,958315288,1000,500656,499344,7815,492841,54341463,3429291068,2525317243,1000,0.8363792896270752
Kryptolebias_marmoratus.ASM164957v1.112,680366784,0,6713077,6713078,680366784,1000,500121,499879,4875,495246,31171968,3175041184,2525846368,1000,0.993685245513916
Labrus_bergylta.BallGen_V1.112,805480521,0,3354049,3354050,805480521,1000,500180,499820,2068,498112,13737697,3317201417,2525458593,1000,0.7063839435577393
Larimichthys_crocea.L_crocea_2.0.112,657939657,0,20039556,20039557,657939657,1000,499808,500192,15381,484427,97498866,3083532607,2523091816,1000,1.317575454711914
Lates_calcarifer.ASB_HGAPassembly_v1.112,668464831,0,6757295,6757296,668464831,1000,499754,500246,5003,494751,31996625,3156608619,2520140413,1000,0.7084043025970459
Laticauda_laticaudata.latLat_1.0.112,1558706106,0,440080,440081,1558706106,1000,500300,499700,137,500163,1140663,4082333455,2524768012,1000,0.8470091819763184
Latimeria_chalumnae.LatCha1.112,2860591921,0,3727104,3727105,2860591921,1000,500802,499198,688,500114,7166866,5380361755,2526936700,1000,1.1720154285430908
Lepidothrix_coronata.Lepidothrix_coronata-1.0.112,1079577334,0,6300283,6300284,1079577334,1000,499500,500500,2979,496521,21429653,3581661539,2523513858,1000,0.9317336082458496
Lepisosteus_oculatus.LepOcu1.112,945878036,0,20289272,20289273,945878036,1000,500156,499844,10774,489382,74803376,3395884495,2524809835,1000,0.9887270927429199
Leptobrachium_leishanense.ASM966780v1.112,3549060464,0,29506336,29506337,3549060464,1000,500354,499646,4060,496294,49969786,6023646889,2524556211,1000,0.8198473453521729
Lonchura_striata_domestica.LonStrDom1.112,1060169706,0,5150330,5150331,1060169706,1000,500222,499778,2281,497941,16467596,3569536994,2525834884,1000,0.6914525032043457
Loxodonta_africana.loxAfr3.112,3196760833,0,13148679,13148680,3196760833,1000,500537,499463,2154,498383,24174499,5698972280,2526385946,1000,0.7164795398712158
Lynx_canadensis.mLynCan4_v1.p.112,2408883772,0,22037459,22037460,2408883772,1000,501187,498813,4715,496472,45831245,4893764717,2530712190,1000,0.8056025505065918
Macaca_fascicularis.Macaca_fascicularis_6.0.112,2906155132,0,33999919,33999920,2906155132,1000,499040,500960,5990,493050,64183176,5359969247,2517997291,1000,1.0806400775909424
Macaca_mulatta.Mmul_10.112,2971331530,0,35380494,35380495,2971331530,1000,499856,500144,6013,493843,65700897,5429683107,2524052474,1000,0.9893131256103516
Macaca_nemestrina.Mnem_1.0.112,2948703511,0,16500846,16500847,2948703511,1000,500633,499367,2768,497865,30273878,5445252939,2526823306,1000,1.0206642150878906
Malurus_cyaneus_samueli.mCya_1.0.112,1078874851,0,11795479,11795480,1078874851,1000,500637,499363,5616,495021,40365914,3566087796,2527578859,1000,1.2781338691711426
Manacus_vitellinus.ASM171598v2.112,1213150360,0,11502252,11502253,1213150360,1000,499670,500330,4567,495103,34473161,3701112770,2522435571,1000,0.7225594520568848
Mandrillus_leucophaeus.Mleu.le_1.0.112,3062009387,0,6349434,6349435,3062009387,1000,499011,500989,997,498014,11402310,5570451469,2519844392,1000,0.9051320552825928
Marmota_marmota_marmota.marMar2.1.112,2510587379,0,13676069,13676070,2510587379,1000,500251,499749,2783,497468,27723338,5009446536,2526582495,1000,0.7124524116516113
Mastacembelus_armatus.fMasArm1.2.112,591951587,0,17237365,17237366,591951587,1000,499521,500479,14135,485386,88414884,3025226330,2521689627,1000,0.7765161991119385
Maylandia_zebra.M_zebra_UMD2a.112,957485262,0,21956728,21956729,957485262,1000,500801,499199,11715,489086,81061383,3405442794,2529018915,1000,0.7154824733734131
Meleagris_gallopavo.Turkey_5.1.112,1115474681,0,13811831,13811832,1115474681,1000,500148,499852,6171,493977,45009250,3593840524,2523375093,1000,0.7038915157318115
Melopsittacus_undulatus.bMelUnd1.mat.Z.112,1171617451,0,15773912,15773913,1171617451,1000,499942,500058,6873,493069,50299872,3641572366,2520254787,1000,0.7278931140899658
Meriones_unguiculatus.MunDraft-v1.0.112,2523124066,0,2437627,2437628,2523124066,1000,500371,499629,488,499883,4941066,5042565626,2524382626,1000,0.6463491916656494
Mesocricetus_auratus.MesAur1.0.112,2504925039,0,12317885,12317886,2504925039,1000,499995,500005,2388,497607,24239640,5005164306,2524478907,1000,0.7869100570678711
Microcebus_murinus.Mmur_3.0.112,2487409138,0,25536670,25536671,2487409138,1000,499779,500221,5214,494565,51632340,4960040404,2524263606,1000,0.6446287631988525
Mola_mola.ASM169857v1.112,639451992,0,9738318,9738319,639451992,1000,500315,499685,7340,492975,46547613,3118737169,2525832790,1000,0.7267856597900391
Monodelphis_domestica.ASM229v1.112,3600504728,0,29520918,29520919,3600504728,1000,499867,500133,4019,495848,49767405,6073998244,2523260921,1000,0.6997697353363037
Monodon_monoceros.NGI_Narwhal_1.112,2355574979,0,19535652,19535653,2355574979,1000,500528,499472,4047,496481,39888264,4842862171,2527175456,1000,0.7334449291229248
Monopterus_albus.M_albus_1.0.112,684144148,0,5847688,5847689,684144148,1000,500131,499869,4176,495955,26995561,3180544635,2523396048,1000,0.6737241744995117
Moschus_moschiferus.MosMos_v2_BIUU_UCD.112,3069608437,0,13008079,13008080,3069608437,1000,499921,500079,2139,497782,23860027,5572517352,2526768942,1000,0.6610543727874756
Mus_caroli.CAROLI_EIJ_v1.1.112,2553112587,0,40781677,40781678,2553112587,1000,500507,499493,7843,492664,80425319,4999925423,2527238155,1000,0.7693493366241455
Mus_musculus_129s1svimj.129S1_SvImJ_v1.112,2732657393,0,42781249,42781250,2732657393,1000,499780,500220,7805,491975,82538421,5173202075,2523083103,1000,0.6856794357299805
Mus_musculus_aj.A_J_v1.112,2629979094,0,42700951,42700952,2629979094,1000,500711,499289,8199,492512,84397052,5073891460,2528309418,1000,0.6695966720581055
Mus_musculus_akrj.AKR_J_v1.112,2712691254,0,42761193,42761194,2712691254,1000,499900,500100,7995,491905,83213935,5154071608,2524594289,1000,0.7523624897003174
Mus_musculus_balbcj.BALB_cJ_v1.112,2627327954,0,42763126,42763127,2627327954,1000,499454,500546,8059,491395,83154491,5065225509,2521052046,1000,0.7409119606018066
Mus_musculus_c3hhej.C3H_HeJ_v1.112,2701115015,0,42821681,42821682,2701115015,1000,500000,500000,7865,492135,82580220,5141893132,2523358337,1000,0.67067551612854
Mus_musculus_c57bl6nj.C57BL_6NJ_v1.112,2806783987,0,43398817,43398818,2806783987,1000,500907,499093,7599,493308,81576884,5253436063,2528228960,1000,0.6952345371246338
Mus_musculus_casteij.CAST_EiJ_v1.112,2653974351,0,42177767,42177768,2653974351,1000,499281,500719,7901,491380,82094824,5092744968,2520865441,1000,0.658289909362793
Mus_musculus_cbaj.CBA_J_v1.112,2921711655,0,43065072,43065073,2921711655,1000,500786,499214,7277,493509,79878190,5371018372,2529184907,1000,0.6576709747314453
Mus_musculus_dba2j.DBA_2J_v1.112,2606145858,0,42642916,42642917,2606145858,1000,500156,499844,8101,492055,83446557,5047826649,2525127348,1000,0.6643154621124268
Mus_musculus_fvbnj.FVB_NJ_v1.112,2588602990,0,42417080,42417081,2588602990,1000,500006,499994,8048,491958,83174439,5030552433,2525123882,1000,0.7455143928527832
Mus_musculus.GRCm39.112,2728222451,0,54875524,54875525,2728222451,1000,500768,499232,10001,490767,105391656,5151321376,2528490581,1000,0.6427655220031738
Mus_musculus_lpj.LP_J_v1.112,2730782202,0,42681632,42681633,2730782202,1000,500697,499303,7909,492788,82863095,5173117796,2525198689,1000,0.7160615921020508
Mus_musculus_nodshiltj.NOD_ShiLtJ_v1.112,2982046949,0,43262486,43262487,2982046949,1000,499784,500216,7428,492356,80695386,5424446105,2523094542,1000,0.664517879486084
Mus_musculus_nzohlltj.NZO_HlLtJ_v1.112,2699250994,0,43152940,43152941,2699250994,1000,500490,499510,8109,492381,83972491,5140871478,2525592975,1000,0.6476478576660156
Mus_musculus_pwkphj.PWK_PhJ_v1.112,2559971091,0,42080785,42080786,2559971091,1000,499257,500743,8213,491044,83684620,4997608123,2521321652,1000,0.6898186206817627
Mus_musculus_wsbeij.WSB_EiJ_v1.112,2689641256,0,42544852,42544853,2689641256,1000,499690,500310,7928,491762,82418674,5128448848,2521226266,1000,0.6613340377807617
Mus_pahari.PAHARI_EIJ_v1.1.112,2475012951,0,39056838,39056839,2475012951,1000,499617,500383,7922,491695,79135587,4920385087,2524507723,1000,0.7558436393737793
Mus_spicilegus.MUSP714.112,2496083520,0,5011686,5011687,2496083520,1000,500772,499228,997,499775,9971998,5013684833,2527573311,1000,0.6431686878204346
Mus_spretus.SPRET_EiJ_v1.112,2625571169,0,41719517,41719518,2625571169,1000,499529,500471,8001,491528,81913557,5063581221,2519923609,1000,0.6814923286437988
Mustela_putorius_furo.MusPutFur1.0.112,2410758013,0,13382619,13382620,2410758013,1000,500186,499814,2795,497391,27658219,4910107516,2527007722,1000,0.7038328647613525
Myotis_lucifugus.Myoluc2.0.112,2034575300,0,6563922,6563923,2034575300,1000,500070,499930,1697,498373,15053025,4543493688,2523971413,1000,0.7227644920349121
Myripristis_murdjan.fMyrMur1.1.112,835254674,0,18551907,18551908,835254674,1000,498547,501453,11185,487362,75154624,3276568082,2516468032,1000,0.6941797733306885
Naja_naja.Nana_v5.112,1768535092,0,17771536,17771537,1768535092,1000,499878,500122,5398,494480,45109359,4245899674,2522473941,1000,0.7196519374847412
Nannospalax_galili.S.galili_v1.0.112,3061408210,0,6366444,6366445,3061408210,1000,499721,500279,1036,498685,11604914,5571530720,2521727424,1000,0.7134013175964355
Neogobius_melanostomus.RGoby_Basel_V2.112,1003738541,0,7951568,7951569,1003738541,1000,500153,499847,4215,495938,29422610,3498026742,2523710811,1000,0.6806015968322754
Neolamprologus_brichardi.NeoBri1.0.112,847910432,0,8920652,8920653,847910432,1000,500667,499333,5259,495408,35640944,3339399499,2527130011,1000,0.6806111335754395
Neovison_vison.NNQGG.v01.112,2447205843,0,8938378,8938379,2447205843,1000,499770,500230,1771,497999,17892365,4950829826,2521516348,1000,0.69779372215271
Nomascus_leucogenys.Nleu_3.0.112,2962060179,0,21606813,21606814,2962060179,1000,499869,500131,3702,496167,40206380,5445032084,2523178285,1000,0.6977694034576416
Notamacropus_eugenii.Meug_1.0.112,2955773937,0,292157,292158,2955773937,1000,499548,500452,57,499491,589100,5475039978,2519855141,1000,0.7729346752166748
Notechis_scutatus.TS10Xv2-PRI.112,1665525958,0,7383113,7383114,1665525958,1000,499939,500061,2278,497661,18834513,4170286232,2523594787,1000,0.7042069435119629
Nothobranchius_furzeri.Nfu_20140520.112,1242518059,0,19664731,19664732,1242518059,1000,500179,499821,8165,492014,60921783,3705419922,2523823646,1000,0.700930118560791
Nothoprocta_perdicaria.notPer1.112,965904370,0,5044530,5044531,965904370,1000,500747,499253,2426,498321,17124308,3477597084,2528817022,1000,0.724449634552002
Numida_meleagris.NumMel1.0.112,1043264150,0,17125422,17125423,1043264150,1000,498834,501166,8063,490771,57998996,3501816375,2516551221,1000,0.7463390827178955
Ochotona_princeps.OchPri2.0-Ens.112,4781903803,0,1012954,1012955,4781903803,1000,500436,499564,115,500321,1578657,7307722926,2527397780,1000,0.7285451889038086
Octodon_degus.OctDeg1.0.112,2995872505,0,10538368,10538369,2995872505,1000,499329,500671,1760,497569,19462315,5497616939,2521206749,1000,0.6456577777862549
Oncorhynchus_kisutch.Okis_V2.112,2375894934,0,41225285,41225286,2375894934,1000,499262,500738,8791,490471,85493253,4812001822,2521600141,1000,0.7028360366821289
Oncorhynchus_mykiss.USDA_OmykA_1.1.112,2341671972,0,43163758,43163759,2341671972,1000,499340,500660,9352,489988,90755256,4773534458,2522617742,1000,0.7211427688598633
Oncorhynchus_tshawytscha.Otsh_v2.0.112,2294859190,0,46601617,46601618,2294859190,1000,499958,500042,10110,489848,97709399,4720176233,2523026442,1000,0.8698818683624268
Ornithorhynchus_anatinus.mOrnAna1.p.v1.112,1858552590,0,20893044,20893045,1858552590,1000,500314,499686,5865,494449,50280235,4334268917,2525996562,1000,0.7719831466674805
Oryctolagus_cuniculus.OryCun2.0.112,2737490501,0,19633526,19633527,2737490501,1000,500305,499695,3610,496695,37995326,5222249917,2522754742,1000,1.0533924102783203
Oryzias_javanicus.OJAV_1.1.112,809679899,0,19706399,19706400,809679899,1000,499561,500439,12160,487401,80889283,3250498415,2521707799,1000,0.7189033031463623
Oryzias_latipes.ASM223467v1.112,734057086,0,21798936,21798937,734057086,1000,500418,499582,14910,485508,97129535,3162228995,2525301444,1000,0.677746057510376
Oryzias_latipes_hni.ASM223471v1.112,677633405,0,20773044,20773045,677633405,1000,500333,499667,15392,484941,98343261,3105329732,2526039588,1000,0.6853349208831787
Oryzias_latipes_hsok.ASM223469v1.112,744414398,0,21802027,21802028,744414398,1000,498813,501187,14441,484372,94678540,3165658452,2515922594,1000,0.6823396682739258
Oryzias_melastigma.Om_v0.7.RACA.112,779452910,0,18937379,18937380,779452910,1000,499915,500085,12589,487326,82186362,3217740217,2520473669,1000,0.9927365779876709
Oryzias_sinensis.ASM858656v1.112,813986518,0,4290999,4291000,813986518,1000,500153,499847,2929,497224,18874037,3318327201,2523214720,1000,0.800703763961792
Otolemur_garnettii.OtoGar3.112,2519404493,0,11270868,11270869,2519404493,1000,499971,500029,2227,497744,22526787,5020321591,2523443885,1000,0.7254624366760254
Otus_sunia.OtuSun1.0.112,1231433939,0,11006177,11006178,1231433939,1000,499837,500163,4625,495212,34508150,3719247135,2522321346,1000,0.7090935707092285
Ovis_aries.Oar_v3.1.112,2619054388,0,20509782,20509783,2619054388,1000,499788,500212,3957,495831,40441643,5101864959,2523252214,1000,0.7715528011322021
Ovis_aries_rambouillet.ARS-UI_Ramb_v2.0.112,2628146905,0,41098451,41098452,2628146905,1000,500102,499898,7592,492510,79298775,5073626792,2524778662,1000,0.7668073177337646
Pan_paniscus.panpan1.1.112,3286643896,0,26129673,26129674,3286643896,1000,499988,500012,4098,495890,46878564,5763242720,2523477388,1000,0.7638866901397705
Panthera_leo.PanLeo1.0.112,2406807619,0,17580757,17580758,2406807619,1000,500391,499609,3889,496502,37137492,4896384437,2526714310,1000,0.7257285118103027
Panthera_pardus.PanPar1.0.112,2578019207,0,14877837,14877838,2578019207,1000,499677,500323,2800,496877,28899535,5069216309,2520096637,1000,0.66115403175354
Panthera_tigris_altaica.PanTig1.0.112,2391065193,0,9368388,9368389,2391065193,1000,499638,500362,1874,497764,18765778,4897529252,2525229837,1000,0.6486036777496338
Pan_troglodytes.Pan_tro_3.0.112,3231170666,0,30200052,30200053,3231170666,1000,500506,499494,4627,495879,53717620,5704029517,2526576471,1000,0.6930310726165771
Papio_anubis.Panubis1.0.112,2869821163,0,23607052,23607053,2869821163,1000,500303,499697,4127,496176,44605908,5350004169,2524788914,1000,0.6650340557098389
Parambassis_ranga.fParRan2.2.112,551012959,0,17305945,17305946,551012959,1000,499610,500390,15750,483860,97057700,2976338278,2522383019,1000,0.8568820953369141
Paramormyrops_kingsleyae.PKINGS_0.1.112,799421083,0,4887739,4887740,799421083,1000,500246,499754,3075,497171,20421262,3305017447,2526017626,1000,0.6811888217926025
Parus_major.Parus_major1.1.112,1020310768,0,16214406,16214407,1020310768,1000,500044,499956,8047,491997,57037792,3487503491,2524230515,1000,0.7124390602111816
Pavo_cristatus.AIIM_Pcri_1.0.112,1027510962,0,1223952,1223953,1027510962,1000,500911,499089,599,500312,4215871,3550304150,2527009059,1000,1.00437331199646
Pelodiscus_sinensis.PelSin_1.0.112,2202483752,0,6207881,6207882,2202483752,1000,500330,499670,1548,498782,14080069,4713100584,2524696901,1000,0.9583508968353271
Pelusios_castaneus.Pelusios_castaneus-1.0.112,2044278682,0,11517750,11517751,2044278682,1000,500373,499627,2779,497594,25325015,4545553499,2526599832,1000,0.9559834003448486
Periophthalmus_magnuspinnatus.fPerMag1.2.pri.112,701696780,0,17468699,17468700,701696780,1000,499951,500049,12481,487470,80830087,3143771555,2522904862,1000,0.7573451995849609
Peromyscus_maniculatus_bairdii.HU_Pman_2.1.112,2512423440,0,16251347,16251348,2512423440,1000,499399,500601,3168,496231,32374891,5001045639,2520997090,1000,0.7231283187866211
Petromyzon_marinus.Pmarinus_7.0.112,885550958,0,810961,810962,885550958,1000,499379,500621,520,498859,3436952,3403025424,2520911418,1000,0.6122181415557861
Phascolarctos_cinereus.phaCin_unsw_v4.1.112,3192581492,0,12746627,12746628,3192581492,1000,499877,500123,1986,497891,22802191,5693556949,2523777648,1000,0.7125539779663086
Phasianus_colchicus.ASM414374v1.112,1017507340,0,10321228,10321229,1017507340,1000,499942,500058,4841,495101,34777468,3508478387,2525748515,1000,0.9135258197784424
Phocoena_sinus.mPhoSin1.pri.112,2371524154,0,23976642,23976643,2371524154,1000,500516,499484,5063,495453,49543966,4847573622,2525593434,1000,0.9060819149017334
Physeter_catodon.ASM283717v2.112,2512132974,0,16799572,16799573,2512132974,1000,499710,500290,3225,496485,32983395,4999816524,2520666945,1000,0.6429345607757568
Piliocolobus_tephrosceles.ASM277652v2.112,3038007327,0,12188020,12188021,3038007327,1000,499790,500210,2068,497722,22701406,5537946500,2522640579,1000,0.6736781597137451
Podarcis_muralis.PodMur_1.0.112,1511002858,0,21451670,21451671,1511002858,1000,500433,499567,7161,493272,57289795,3978766767,2525053704,1000,0.6271829605102539
Poecilia_formosa.PoeFor_5.1.2.112,748923461,0,4988352,4988353,748923461,1000,499741,500259,3239,496502,21256386,3248552821,2520885746,1000,0.6677169799804688
Poecilia_latipinna.P_latipinna-1.0.112,815144743,0,1057404,1057405,815144743,1000,500186,499814,587,499599,4076679,3335551434,2524483370,1000,0.6306600570678711
Poecilia_mexicana.P_mexicana-1.0.112,801711499,0,1084881,1084882,801711499,1000,499870,500130,626,499244,4268542,3321538026,2524095069,1000,0.6992282867431641
Poecilia_reticulata.Guppy_female_1.0_MT.112,731622281,0,17533187,17533188,731622281,1000,498550,501450,12344,486206,79962075,3168637861,2516977655,1000,0.7021679878234863
Pogona_vitticeps.pvi1.1.112,1816116151,0,5392266,5392267,1816116151,1000,500342,499658,1464,498878,12674528,4327459747,2524018124,1000,0.6782677173614502
Pongo_abelii.Susie_PABv2.112,3065052215,0,23679399,23679400,3065052215,1000,500628,499372,4031,496597,44327813,5547630376,2526905974,1000,0.7222912311553955
Procavia_capensis.proCap1.112,2993339806,0,443624,443625,2993339806,1000,499982,500018,89,499893,921144,5516459676,2524041014,1000,0.6923754215240479
Prolemur_simus.Prosim_1.0.112,2411593676,0,4764696,4764697,2411593676,1000,500185,499815,1049,499136,9980148,4925923577,2524310049,1000,0.6425192356109619
Propithecus_coquereli.Pcoq_1.0.112,2798152141,0,8252502,8252503,2798152141,1000,499901,500099,1467,498434,15676099,5303540020,2521063978,1000,0.6833488941192627
Pseudonaja_textilis.EBS10Xv2-PRI.112,1590035073,0,11235385,11235386,1590035073,1000,499963,500037,3464,496499,28904702,4085894684,2524764313,1000,0.7038528919219971
Pteropus_vampyrus.pteVam1.112,1999614463,0,869750,869751,1999614463,1000,499622,500378,233,499389,2074911,4520910843,2523371291,1000,0.6804671287536621
Pundamilia_nyererei.PunNye1.0.112,830133247,0,6029706,6029707,830133247,1000,499956,500044,3582,496374,24199442,3329493595,2523559790,1000,0.6498770713806152
Pygocentrus_nattereri.fPygNat1.pri.112,1222050449,0,24593094,24593095,1222050449,1000,499692,500308,10303,489389,76405388,3668736315,2523091254,1000,0.6592183113098145
Rattus_norvegicus.mRatBN7.2.112,2647915728,0,33793953,33793954,2647915728,1000,500030,499970,6393,493637,66010299,5105045244,2523139815,1000,0.6446075439453125
Rattus_norvegicus_shrspbbbutx.UTH_Rnor_SHRSP_BbbUtx_1.0.112,2907517304,0,32350739,32350740,2907517304,1000,498712,501288,5558,493154,60318620,5364925330,2517726646,1000,0.8232662677764893
Rattus_norvegicus_shrutx.UTH_Rnor_SHR_Utx.112,2866391611,0,32246732,32246733,2866391611,1000,499243,500757,5626,493617,60795307,5326671296,2521074992,1000,0.8394043445587158
Rattus_norvegicus_wkybbb.UTH_Rnor_WKY_Bbb_1.0.112,2910747220,0,32263909,32263910,2910747220,1000,499881,500119,5381,494500,59306630,5377799753,2526359163,1000,0.9681034088134766
Rhinolophus_ferrumequinum.mRhiFer1_v1.p.112,2075768562,0,20546708,20546709,2075768562,1000,501123,498877,4737,496386,44501707,4558916153,2527649298,1000,0.6751899719238281
Rhinopithecus_bieti.ASM169854v1.112,2977074946,0,5559500,5559501,2977074946,1000,499706,500294,981,498725,10506192,5488816107,2522247353,1000,0.777604341506958
Rhinopithecus_roxellana.Rrox_v1.112,2899552139,0,4610485,4610486,2899552139,1000,499641,500359,783,498858,8619555,5413759810,2522827226,1000,0.697946310043335
Saccharomyces_cerevisiae.R64-1-1.112,12157105,0,1223104,1223105,12157105,1000,500528,499472,48037,452491,244144815,2295515849,2527503559,1000,0.7931957244873047
Saimiri_boliviensis_boliviensis.SaiBol1.0.112,2608588537,0,16585160,16585161,2608588537,1000,499640,500360,3197,496443,32813837,5095717203,2519942503,1000,0.730151891708374
Salarias_fasciatus.fSalaFa1.1.112,797490645,0,19076674,19076675,797490645,1000,500193,499807,11952,488241,79551803,3241307991,2523369149,1000,0.7116134166717529
Salmo_salar_gca021399835v1.USDA_NASsal_1.1.112,2829823532,0,59384502,59384503,2829823532,1000,500550,499450,10268,490282,111242940,5246287720,2527707128,1000,0.6523027420043945
Salmo_salar_gca923944775v1.Ssal_Brian_v1.0.112,2624445891,0,57469129,57469130,2624445891,1000,500411,499589,11106,489305,113739046,5037142619,2526435774,1000,0.8587291240692139
Salmo_salar_gca931346935v2.Ssal_ALTA.112,2621787693,0,29844728,29844729,2621787693,1000,499618,500382,5629,493989,58250323,5083217905,2519680535,1000,1.057690143585205
Salmo_salar.Ssal_v3.1.112,2756584103,0,66842282,66842283,2756584103,1000,499416,500584,12192,487224,128769512,5149019677,2521205086,1000,0.9824938774108887
Salmo_trutta.fSalTru1.1.112,2371880186,0,39645154,39645155,2371880186,1000,500912,499088,8545,492367,82764910,4820800059,2531684783,1000,1.1438565254211426
Salvator_merianae.HLtupMer3.112,2026218827,0,15389654,15389655,2026218827,1000,499919,500081,3854,496065,34811893,4514755684,2523348750,1000,0.7457659244537354
Sander_lucioperca.SLUC_FBN_1.112,900477767,0,9623286,9623287,900477767,1000,500433,499567,5250,495183,36014457,3390142375,2525679065,1000,0.6267497539520264
Sarcophilus_harrisii.mSarHar1.11.112,3086674442,0,40745451,40745452,3086674442,1000,500454,499546,6626,493828,74099840,5537183253,2524608651,1000,0.7957172393798828
Sciurus_vulgaris.mSciVul1.1.112,2878591032,0,19749273,19749274,2878591032,1000,499612,500388,3296,496316,36538536,5361091606,2519039110,1000,1.0255780220031738
Scleropages_formosus.fSclFor1.1.112,784546363,0,22375518,22375519,784546363,1000,499248,500752,14259,484989,94471128,3210244092,2520168857,1000,0.7148749828338623
Scophthalmus_maximus.ASM1334776v1.112,556696898,0,17664653,17664654,556696898,1000,500125,499875,16132,483993,99308313,2981327595,2523939010,1000,0.6716668605804443
Serinus_canaria.SCA1.112,1152083301,0,12148853,12148854,1152083301,1000,499776,500224,5289,494487,38984334,3636701450,2523602483,1000,0.6315183639526367
Seriola_dumerili.Sdu_1.0.112,677686174,0,11293326,11293327,677686174,1000,500802,499198,8192,492610,52641740,3153243833,2528199399,1000,0.6369376182556152
Seriola_lalandi_dorsalis.Sedor1.112,732509836,0,4599492,4599493,732509836,1000,500404,499596,3090,497314,20214466,3239463782,2527168412,1000,0.6142187118530273
Sinocyclocheilus_anshuiensis.SAMN03320099.WGS_v1.1.112,1632718266,0,4205240,4205241,1632718266,1000,500265,499735,1382,498883,11172943,4146125797,2524580474,1000,0.670759916305542
Sinocyclocheilus_grahami.SAMN03320097.WGS_v1.1.112,1750287761,0,4779614,4779615,1750287761,1000,500404,499596,1325,499079,11454207,4263940653,2525107099,1000,0.6332478523254395
Sinocyclocheilus_rhinocerous.SAMN03320098_v1.1.112,1655786410,0,3512192,3512193,1655786410,1000,500918,499082,996,499922,8504158,4174577762,2527295510,1000,0.6358983516693115
Sorex_araneus.COMMON_SHREW1.112,2944193050,0,546855,546856,2944193050,1000,499590,500410,94,499496,1022255,5465399193,2522228398,1000,0.6848819255828857
Sparus_aurata.fSpaAur1.1.112,833578411,0,21994164,21994165,833578411,1000,500347,499653,13194,487153,88679433,3270056293,2525157315,1000,0.6492552757263184
Spermophilus_dauricus.ASM240643v1.112,3106271744,0,4114630,4114631,3106271744,1000,499946,500054,638,499308,7263658,5622676836,2523668750,1000,0.6506505012512207
Sphaeramia_orbicularis.fSphaOr1.1.112,1342662642,0,21229636,21229637,1342662642,1000,500472,499528,8102,492370,61819474,3807080344,2526237176,1000,0.6876044273376465
Sphenodon_punctatus.ASM311381v1.112,4272214985,0,5935996,5935997,4272214985,1000,499972,500028,690,499282,9354970,6786423090,2523563075,1000,0.6655724048614502
Stachyris_ruficeps.ASM869450v1.112,1041446934,0,11324357,11324358,1041446934,1000,499010,500990,5655,493355,39816204,3520801150,2519170420,1000,0.6407580375671387
Stegastes_partitus.Stegastes_partitus-1.0.2.112,800491834,0,1760338,1760339,800491834,1000,500568,499432,1140,499428,7467128,3321108470,2528083764,1000,0.6869809627532959
Strigops_habroptila.bStrHab1_v1.p.112,1165621973,0,21322108,21322109,1165621973,1000,500060,499940,9321,490739,68497595,3623828501,2526704123,1000,0.6299817562103271
Strix_occidentalis_caurina.Soccid_v01.112,1255541132,0,5407716,5407717,1255541132,1000,499426,500574,2184,497242,16587946,3760022922,2521069736,1000,0.6320452690124512
Struthio_camelus_australis.ASM69896v1.112,1225041896,0,6053848,6053849,1225041896,1000,500454,499546,2419,498035,18370521,3732261916,2525590541,1000,0.6220993995666504
Suricata_suricatta.meerkat_22Aug2017_6uvM2_HiC.112,2353578744,0,22686455,22686456,2353578744,1000,500124,499876,4804,495320,46804806,4831560827,2524786889,1000,0.6387186050415039
Sus_scrofa_bamei.Bamei_pig_v1.112,2460755741,0,5255132,5255133,2460755741,1000,500723,499277,1037,499686,10496645,4979158246,2528899150,1000,0.6295030117034912
Sus_scrofa_berkshire.Berkshire_pig_v1.112,2434706773,0,5316462,5316463,2434706773,1000,500535,499465,1112,499423,10915272,4949589469,2525797968,1000,0.6643345355987549
Sus_scrofa_hampshire.Hampshire_pig_v1.112,2437109612,0,5381287,5381288,2437109612,1000,499978,500022,1050,498928,10764256,4949552176,2523206820,1000,0.6448132991790771
Sus_scrofa_jinhua.Jinhua_pig_v1.112,2453702738,0,5153952,5153953,2453702738,1000,500702,499298,1019,499683,10258356,4971681196,2528236814,1000,0.8525369167327881
Sus_scrofa_landrace.Landrace_pig_v1.112,2440981886,0,4653207,4653208,2440981886,1000,499078,500922,875,498203,9079095,4949798296,2517895505,1000,0.6396117210388184
Sus_scrofa_largewhite.Large_White_v1.112,2457907103,0,6235643,6235644,2457907103,1000,499594,500406,1312,498282,12862853,4967359363,2522315113,1000,0.74737548828125
Sus_scrofa_meishan.Meishan_pig_v1.112,2467495771,0,4075203,4075204,2467495771,1000,500090,499910,828,499262,8354858,4984196206,2525055293,1000,0.7452332973480225
Sus_scrofa_pietrain.Pietrain_pig_v1.112,2438316299,0,5138864,5138865,2438316299,1000,499939,500061,1115,498824,10709537,4950732445,2523125683,1000,0.6733577251434326
Sus_scrofa_rongchang.Rongchang_pig_v1.112,2459027728,0,6278473,6278474,2459027728,1000,500252,499748,1240,499012,12440592,4972005890,2525418754,1000,0.8410608768463135
Sus_scrofa.Sscrofa11.1.112,2501912388,0,51283099,51283100,2501912388,1000,500456,499544,10570,489886,104759919,4922514246,2525361777,1000,0.6500272750854492
Sus_scrofa_tibetan.Tibetan_Pig_v2.112,2437742524,0,2980170,2980171,2437742524,1000,499717,500283,617,499100,6074077,4952525890,2520857443,1000,0.6360909938812256
Sus_scrofa_usmarc.USMARCv1.0.112,2755438035,0,29469657,29469658,2755438035,1000,499964,500036,5449,494515,57036695,5222257359,2523856019,1000,0.651648759841919
Sus_scrofa_wuzhishan.minipig_v1.0.112,2508912457,0,11155353,11155354,2508912457,1000,500090,499910,2275,497815,22656712,5012089643,2525833898,1000,0.6240530014038086
Taeniopygia_guttata.bTaeGut1_v1.p.112,1057995280,0,28121815,28121816,1057995280,1000,499537,500463,13723,485814,97762002,3478214870,2517981592,1000,0.633289098739624
Takifugu_rubripes.fTakRub1.2.112,384110215,0,14974353,14974354,384110215,1000,499688,500312,19737,479951,114372352,2794088572,2524350709,1000,0.6118149757385254
Terrapene_carolina_triunguis.T_m_triunguis-2.0.112,2571267249,0,14563677,14563678,2571267249,1000,500205,499795,2760,497445,28557011,5068938593,2526228355,1000,0.6281909942626953
Tetraodon_nigroviridis.TETRAODON8.112,358618246,0,11839604,11839605,358618246,1000,500534,499466,16397,484137,94392401,2789099816,2524873971,1000,0.6372048854827881
Theropithecus_gelada.Tgel_1.0.112,2889614139,0,20296140,20296141,2889614139,1000,500645,499355,3537,497108,38148890,5376836569,2525371320,1000,0.6397631168365479
Tupaia_belangeri.TREESHREW.112,3670341392,0,960649,960650,3670341392,1000,499872,500128,144,499728,1685225,6190832992,2522176825,1000,0.6416339874267578
Tursiops_truncatus.turTru1.112,2521923936,0,1003344,1003345,2521923936,1000,499540,500460,199,499341,1987096,5040231071,2520294231,1000,0.6615123748779297
Urocitellus_parryii.ASM342692v1.112,2520505282,0,7168697,7168698,2520505282,1000,500452,499548,1458,498994,14409445,5033056155,2526960318,1000,0.6812393665313721
Ursus_americanus.ASM334442v1.112,2588393916,0,824719,824720,2588393916,1000,500208,499792,161,500047,1635824,5110037281,2523279189,1000,0.6679816246032715
Ursus_maritimus.UrsMar_1.0.112,2301379344,0,12077104,12077105,2301379344,1000,500402,499598,2637,497765,25296005,4800043828,2523960489,1000,0.7306792736053467
Ursus_thibetanus_thibetanus.ASM966005v1.112,2373594928,0,14267232,14267233,2373594928,1000,500816,499184,2962,497854,29195928,4873830493,2529431493,1000,0.745875358581543
Varanus_komodoensis.ASM479886v1.112,1507945839,0,13310133,13310134,1507945839,1000,501116,498884,4184,496932,34216085,4002182226,2528452472,1000,0.6980695724487305
Vicugna_pacos.vicPac1.112,2967746133,0,1702345,1702346,2967746133,1000,499441,500559,278,499163,3092717,5485148549,2520495133,1000,0.7311367988586426
Vombatus_ursinus.bare-nosed_wombat_genome_assembly.112,3486597218,0,16057534,16057535,3486597218,1000,499723,500277,2378,497345,28082000,5978637176,2520121958,1000,0.6815810203552246
Vulpes_vulpes.VulVul2.2.112,2421551259,0,14358348,14358349,2421551259,1000,499522,500478,2930,496592,29186384,4914011498,2521646623,1000,0.6452155113220215
Xenopus_tropicalis.UCB_Xtro_10.0.112,1451301209,0,34432895,34432896,1451301209,1000,500421,499579,11957,488464,95039804,3883430359,2527168954,1000,0.6529808044433594
Xiphophorus_couchianus.Xiphophorus_couchianus-4.0.1.112,708396389,0,11316915,11316916,708396389,1000,499832,500168,7654,492178,49645429,3182631931,2523880971,1000,0.6343381404876709
Xiphophorus_maculatus.X_maculatus-5.0-male.112,704321165,0,21434631,21434632,704321165,1000,500752,499248,15685,485067,100556719,3132556026,2528791580,1000,0.6330122947692871
Zalophus_californianus.mZalCal1.pri.112,2408641788,0,23793592,23793593,2408641788,1000,498737,501263,5035,493702,49283042,4876089332,2516730586,1000,0.637108325958252
Zonotrichia_albicollis.Zonotrichia_albicollis-1.0.1.112,1052600561,0,7335253,7335254,1052600561,1000,500807,499193,3430,497377,24683206,3555749357,2527832002,1000,0.625145673751831
Zosterops_lateralis_melanops.ASM128173v1.112,1036003386,0,5383517,5383518,1036003386,1000,499359,500641,2676,496683,18973291,3538646684,2521616589,1000,0.646320104598999
