Round,Species,GenomeSize,ExonStartRange,ExonEndRange,NoncodingStartRange,NoncodingEndRange,ActiveTE,TEMobilized,TEStatic,TEInExons,TEInNoncoding,TEMobilizeProb
958,Accipiter_nisus,1190649881,0,533365,533366,1190649881,10000,4790000,0,4263,9575737,0.5
853,Accipiter_nisus,1190649881,0,533365,533366,1190649881,10000,4265000,0,3779,8526221,0.5
377,Accipiter_nisus,1190649881,0,533365,533366,1190649881,10000,1885000,0,1660,3768340,0.5
507,Accipiter_nisus,1190649881,0,533365,533366,1190649881,10000,2535000,0,2243,5067757,0.5
980,Accipiter_nisus,1190649881,0,533365,533366,1190649881,10000,4900000,0,4358,9795642,0.5
24,Accipiter_nisus,1190649881,0,533365,533366,1190649881,10000,120000,0,131,239869,0.5
750,Accipiter_nisus,1190649881,0,533365,533366,1190649881,10000,3750000,0,3319,7496681,0.5
642,Accipiter_nisus,1190649881,0,533365,533366,1190649881,10000,3210000,0,2846,6417154,0.5
337,Accipiter_nisus,1190649881,0,533365,533366,1190649881,10000,1685000,0,1475,3368525,0.5
428,Accipiter_nisus,1190649881,0,533365,533366,1190649881,10000,2140000,0,1883,4278117,0.5
526,Accipiter_nisus,1190649881,0,533365,533366,1190649881,10000,2630000,0,2328,5257672,0.5
623,Accipiter_nisus,1190649881,0,533365,533366,1190649881,10000,3115000,0,2755,6227245,0.5
783,Accipiter_nisus,1190649881,0,533365,533366,1190649881,10000,3915000,0,3451,7826549,0.5
249,Accipiter_nisus,1190649881,0,533365,533366,1190649881,10000,1245000,0,1102,2488898,0.5
235,Accipiter_nisus,1190649881,0,533365,533366,1190649881,10000,1175000,0,1034,2348966,0.5
998,Accipiter_nisus,1190649881,0,533365,533366,1190649881,10000,4990000,0,4443,9975557,0.5
913,Accipiter_nisus,1190649881,0,533365,533366,1190649881,10000,4565000,0,4066,9125934,0.5
532,Accipiter_nisus,1190649881,0,533365,533366,1190649881,10000,2660000,0,2345,5317655,0.5
199,Accipiter_nisus,1190649881,0,533365,533366,1190649881,10000,995000,0,879,1989121,0.5
683,Accipiter_nisus,1190649881,0,533365,533366,1190649881,10000,3415000,0,3015,6826985,0.5
493,Accipiter_nisus,1190649881,0,533365,533366,1190649881,10000,2465000,0,2173,4927827,0.5
978,Accipiter_nisus,1190649881,0,533365,533366,1190649881,10000,4890000,0,4348,9775652,0.5
213,Accipiter_nisus,1190649881,0,533365,533366,1190649881,10000,1065000,0,934,2129066,0.5
234,Accipiter_nisus,1190649881,0,533365,533366,1190649881,10000,1170000,0,1028,2338972,0.5
675,Accipiter_nisus,1190649881,0,533365,533366,1190649881,10000,3375000,0,2992,6747008,0.5
200,Accipiter_nisus,1190649881,0,533365,533366,1190649881,10000,1000000,0,882,1999118,0.5
386,Accipiter_nisus,1190649881,0,533365,533366,1190649881,10000,1930000,0,1704,3858296,0.5
837,Accipiter_nisus,1190649881,0,533365,533366,1190649881,10000,4185000,0,3705,8366295,0.5
519,Accipiter_nisus,1190649881,0,533365,533366,1190649881,10000,2595000,0,2299,5187701,0.5
843,Accipiter_nisus,1190649881,0,533365,533366,1190649881,10000,4215000,0,3733,8426267,0.5
240,Accipiter_nisus,1190649881,0,533365,533366,1190649881,10000,1200000,0,1056,2398944,0.5
965,Accipiter_nisus,1190649881,0,533365,533366,1190649881,10000,4825000,0,4300,9645700,0.5
246,Accipiter_nisus,1190649881,0,533365,533366,1190649881,10000,1230000,0,1085,2458915,0.5
370,Accipiter_nisus,1190649881,0,533365,533366,1190649881,10000,1850000,0,1628,3698372,0.5
963,Accipiter_nisus,1190649881,0,533365,533366,1190649881,10000,4815000,0,4292,9625708,0.5
748,Accipiter_nisus,1190649881,0,533365,533366,1190649881,10000,3740000,0,3307,7476693,0.5
149,Accipiter_nisus,1190649881,0,533365,533366,1190649881,10000,745000,0,666,1489334,0.5
174,Accipiter_nisus,1190649881,0,533365,533366,1190649881,10000,870000,0,772,1739228,0.5
380,Accipiter_nisus,1190649881,0,533365,533366,1190649881,10000,1900000,0,1678,3798322,0.5
401,Accipiter_nisus,1190649881,0,533365,533366,1190649881,10000,2005000,0,1774,4008226,0.5
918,Accipiter_nisus,1190649881,0,533365,533366,1190649881,10000,4590000,0,4076,9175924,0.5
270,Accipiter_nisus,1190649881,0,533365,533366,1190649881,10000,1350000,0,1183,2698817,0.5
429,Accipiter_nisus,1190649881,0,533365,533366,1190649881,10000,2145000,0,1888,4288112,0.5
679,Accipiter_nisus,1190649881,0,533365,533366,1190649881,10000,3395000,0,3005,6786995,0.5
577,Accipiter_nisus,1190649881,0,533365,533366,1190649881,10000,2885000,0,2527,5767473,0.5
908,Accipiter_nisus,1190649881,0,533365,533366,1190649881,10000,4540000,0,4036,9075964,0.5
359,Accipiter_nisus,1190649881,0,533365,533366,1190649881,10000,1795000,0,1583,3588417,0.5
518,Accipiter_nisus,1190649881,0,533365,533366,1190649881,10000,2590000,0,2296,5177704,0.5
480,Accipiter_nisus,1190649881,0,533365,533366,1190649881,10000,2400000,0,2132,4797868,0.5
590,Accipiter_nisus,1190649881,0,533365,533366,1190649881,10000,2950000,0,2587,5897413,0.5
194,Accipiter_nisus,1190649881,0,533365,533366,1190649881,10000,970000,0,864,1939136,0.5
839,Accipiter_nisus,1190649881,0,533365,533366,1190649881,10000,4195000,0,3712,8386288,0.5
122,Accipiter_nisus,1190649881,0,533365,533366,1190649881,10000,610000,0,550,1219450,0.5
146,Accipiter_nisus,1190649881,0,533365,533366,1190649881,10000,730000,0,654,1459346,0.5
728,Accipiter_nisus,1190649881,0,533365,533366,1190649881,10000,3640000,0,3204,7276796,0.5
295,Accipiter_nisus,1190649881,0,533365,533366,1190649881,10000,1475000,0,1300,2948700,0.5
101,Accipiter_nisus,1190649881,0,533365,533366,1190649881,10000,505000,0,467,1009533,0.5
455,Accipiter_nisus,1190649881,0,533365,533366,1190649881,10000,2275000,0,2009,4547991,0.5
762,Accipiter_nisus,1190649881,0,533365,533366,1190649881,10000,3810000,0,3374,7616626,0.5
664,Accipiter_nisus,1190649881,0,533365,533366,1190649881,10000,3320000,0,2947,6637053,0.5
876,Accipiter_nisus,1190649881,0,533365,533366,1190649881,10000,4380000,0,3891,8756109,0.5
796,Accipiter_nisus,1190649881,0,533365,533366,1190649881,10000,3980000,0,3509,7956491,0.5
335,Accipiter_nisus,1190649881,0,533365,533366,1190649881,10000,1675000,0,1467,3348533,0.5
595,Accipiter_nisus,1190649881,0,533365,533366,1190649881,10000,2975000,0,2621,5947379,0.5
501,Accipiter_nisus,1190649881,0,533365,533366,1190649881,10000,2505000,0,2219,5007781,0.5
987,Accipiter_nisus,1190649881,0,533365,533366,1190649881,10000,4935000,0,4383,9865617,0.5
414,Accipiter_nisus,1190649881,0,533365,533366,1190649881,10000,2070000,0,1831,4138169,0.5
140,Accipiter_nisus,1190649881,0,533365,533366,1190649881,10000,700000,0,630,1399370,0.5
456,Accipiter_nisus,1190649881,0,533365,533366,1190649881,10000,2280000,0,2017,4557983,0.5
635,Accipiter_nisus,1190649881,0,533365,533366,1190649881,10000,3175000,0,2809,6347191,0.5
225,Accipiter_nisus,1190649881,0,533365,533366,1190649881,10000,1125000,0,998,2249002,0.5
3,Accipiter_nisus,1190649881,0,533365,533366,1190649881,10000,15000,0,17,29983,0.5
787,Accipiter_nisus,1190649881,0,533365,533366,1190649881,10000,3935000,0,3475,7866525,0.5
334,Accipiter_nisus,1190649881,0,533365,533366,1190649881,10000,1670000,0,1467,3338533,0.5
556,Accipiter_nisus,1190649881,0,533365,533366,1190649881,10000,2780000,0,2419,5557581,0.5
677,Accipiter_nisus,1190649881,0,533365,533366,1190649881,10000,3385000,0,2998,6767002,0.5
381,Accipiter_nisus,1190649881,0,533365,533366,1190649881,10000,1905000,0,1680,3808320,0.5
325,Accipiter_nisus,1190649881,0,533365,533366,1190649881,10000,1625000,0,1428,3248572,0.5
398,Accipiter_nisus,1190649881,0,533365,533366,1190649881,10000,1990000,0,1763,3978237,0.5
840,Accipiter_nisus,1190649881,0,533365,533366,1190649881,10000,4200000,0,3716,8396284,0.5
830,Accipiter_nisus,1190649881,0,533365,533366,1190649881,10000,4150000,0,3683,8296317,0.5
38,Accipiter_nisus,1190649881,0,533365,533366,1190649881,10000,190000,0,199,379801,0.5
80,Accipiter_nisus,1190649881,0,533365,533366,1190649881,10000,400000,0,377,799623,0.5
627,Accipiter_nisus,1190649881,0,533365,533366,1190649881,10000,3135000,0,2774,6267226,0.5
907,Accipiter_nisus,1190649881,0,533365,533366,1190649881,10000,4535000,0,4030,9065970,0.5
117,Accipiter_nisus,1190649881,0,533365,533366,1190649881,10000,585000,0,531,1169469,0.5
732,Accipiter_nisus,1190649881,0,533365,533366,1190649881,10000,3660000,0,3225,7316775,0.5
925,Accipiter_nisus,1190649881,0,533365,533366,1190649881,10000,4625000,0,4106,9245894,0.5
454,Accipiter_nisus,1190649881,0,533365,533366,1190649881,10000,2270000,0,2006,4537994,0.5
299,Accipiter_nisus,1190649881,0,533365,533366,1190649881,10000,1495000,0,1309,2988691,0.5
126,Accipiter_nisus,1190649881,0,533365,533366,1190649881,10000,630000,0,568,1259432,0.5
479,Accipiter_nisus,1190649881,0,533365,533366,1190649881,10000,2395000,0,2130,4787870,0.5
486,Accipiter_nisus,1190649881,0,533365,533366,1190649881,10000,2430000,0,2152,4857848,0.5
311,Accipiter_nisus,1190649881,0,533365,533366,1190649881,10000,1555000,0,1367,3108633,0.5
357,Accipiter_nisus,1190649881,0,533365,533366,1190649881,10000,1785000,0,1565,3568435,0.5
344,Accipiter_nisus,1190649881,0,533365,533366,1190649881,10000,1720000,0,1506,3438494,0.5
432,Accipiter_nisus,1190649881,0,533365,533366,1190649881,10000,2160000,0,1905,4318095,0.5
653,Accipiter_nisus,1190649881,0,533365,533366,1190649881,10000,3265000,0,2886,6527114,0.5
961,Accipiter_nisus,1190649881,0,533365,533366,1190649881,10000,4805000,0,4281,9605719,0.5
674,Accipiter_nisus,1190649881,0,533365,533366,1190649881,10000,3370000,0,2985,6737015,0.5
707,Accipiter_nisus,1190649881,0,533365,533366,1190649881,10000,3535000,0,3124,7066876,0.5
759,Accipiter_nisus,1190649881,0,533365,533366,1190649881,10000,3795000,0,3365,7586635,0.5
394,Accipiter_nisus,1190649881,0,533365,533366,1190649881,10000,1970000,0,1741,3938259,0.5
201,Accipiter_nisus,1190649881,0,533365,533366,1190649881,10000,1005000,0,883,2009117,0.5
68,Accipiter_nisus,1190649881,0,533365,533366,1190649881,10000,340000,0,324,679676,0.5
366,Accipiter_nisus,1190649881,0,533365,533366,1190649881,10000,1830000,0,1614,3658386,0.5
34,Accipiter_nisus,1190649881,0,533365,533366,1190649881,10000,170000,0,180,339820,0.5
690,Accipiter_nisus,1190649881,0,533365,533366,1190649881,10000,3450000,0,3041,6896959,0.5
161,Accipiter_nisus,1190649881,0,533365,533366,1190649881,10000,805000,0,726,1609274,0.5
67,Accipiter_nisus,1190649881,0,533365,533366,1190649881,10000,335000,0,321,669679,0.5
228,Accipiter_nisus,1190649881,0,533365,533366,1190649881,10000,1140000,0,1006,2278994,0.5
905,Accipiter_nisus,1190649881,0,533365,533366,1190649881,10000,4525000,0,4018,9045982,0.5
962,Accipiter_nisus,1190649881,0,533365,533366,1190649881,10000,4810000,0,4286,9615714,0.5
949,Accipiter_nisus,1190649881,0,533365,533366,1190649881,10000,4745000,0,4216,9485784,0.5
421,Accipiter_nisus,1190649881,0,533365,533366,1190649881,10000,2105000,0,1856,4208144,0.5
928,Accipiter_nisus,1190649881,0,533365,533366,1190649881,10000,4640000,0,4121,9275879,0.5
929,Accipiter_nisus,1190649881,0,533365,533366,1190649881,10000,4645000,0,4125,9285875,0.5
438,Accipiter_nisus,1190649881,0,533365,533366,1190649881,10000,2190000,0,1933,4378067,0.5
916,Accipiter_nisus,1190649881,0,533365,533366,1190649881,10000,4580000,0,4070,9155930,0.5
658,Accipiter_nisus,1190649881,0,533365,533366,1190649881,10000,3290000,0,2907,6577093,0.5
373,Accipiter_nisus,1190649881,0,533365,533366,1190649881,10000,1865000,0,1642,3728358,0.5
257,Accipiter_nisus,1190649881,0,533365,533366,1190649881,10000,1285000,0,1134,2568866,0.5
810,Accipiter_nisus,1190649881,0,533365,533366,1190649881,10000,4050000,0,3565,8096435,0.5
30,Accipiter_nisus,1190649881,0,533365,533366,1190649881,10000,150000,0,160,299840,0.5
652,Accipiter_nisus,1190649881,0,533365,533366,1190649881,10000,3260000,0,2883,6517117,0.5
646,Accipiter_nisus,1190649881,0,533365,533366,1190649881,10000,3230000,0,2861,6457139,0.5
35,Accipiter_nisus,1190649881,0,533365,533366,1190649881,10000,175000,0,184,349816,0.5
993,Accipiter_nisus,1190649881,0,533365,533366,1190649881,10000,4965000,0,4414,9925586,0.5
314,Accipiter_nisus,1190649881,0,533365,533366,1190649881,10000,1570000,0,1372,3138628,0.5
198,Accipiter_nisus,1190649881,0,533365,533366,1190649881,10000,990000,0,874,1979126,0.5
576,Accipiter_nisus,1190649881,0,533365,533366,1190649881,10000,2880000,0,2523,5757477,0.5
693,Accipiter_nisus,1190649881,0,533365,533366,1190649881,10000,3465000,0,3054,6926946,0.5
19,Accipiter_nisus,1190649881,0,533365,533366,1190649881,10000,95000,0,105,189895,0.5
154,Accipiter_nisus,1190649881,0,533365,533366,1190649881,10000,770000,0,697,1539303,0.5
953,Accipiter_nisus,1190649881,0,533365,533366,1190649881,10000,4765000,0,4235,9525765,0.5
348,Accipiter_nisus,1190649881,0,533365,533366,1190649881,10000,1740000,0,1524,3478476,0.5
566,Accipiter_nisus,1190649881,0,533365,533366,1190649881,10000,2830000,0,2471,5657529,0.5
549,Accipiter_nisus,1190649881,0,533365,533366,1190649881,10000,2745000,0,2395,5487605,0.5
828,Accipiter_nisus,1190649881,0,533365,533366,1190649881,10000,4140000,0,3676,8276324,0.5
869,Accipiter_nisus,1190649881,0,533365,533366,1190649881,10000,4345000,0,3854,8686146,0.5
684,Accipiter_nisus,1190649881,0,533365,533366,1190649881,10000,3420000,0,3018,6836982,0.5
856,Accipiter_nisus,1190649881,0,533365,533366,1190649881,10000,4280000,0,3785,8556215,0.5
459,Accipiter_nisus,1190649881,0,533365,533366,1190649881,10000,2295000,0,2031,4587969,0.5
70,Accipiter_nisus,1190649881,0,533365,533366,1190649881,10000,350000,0,336,699664,0.5
151,Accipiter_nisus,1190649881,0,533365,533366,1190649881,10000,755000,0,682,1509318,0.5
239,Accipiter_nisus,1190649881,0,533365,533366,1190649881,10000,1195000,0,1055,2388945,0.5
713,Accipiter_nisus,1190649881,0,533365,533366,1190649881,10000,3565000,0,3151,7126849,0.5
799,Accipiter_nisus,1190649881,0,533365,533366,1190649881,10000,3995000,0,3518,7986482,0.5
224,Accipiter_nisus,1190649881,0,533365,533366,1190649881,10000,1120000,0,996,2239004,0.5
165,Accipiter_nisus,1190649881,0,533365,533366,1190649881,10000,825000,0,736,1649264,0.5
718,Accipiter_nisus,1190649881,0,533365,533366,1190649881,10000,3590000,0,3173,7176827,0.5
831,Accipiter_nisus,1190649881,0,533365,533366,1190649881,10000,4155000,0,3688,8306312,0.5
522,Accipiter_nisus,1190649881,0,533365,533366,1190649881,10000,2610000,0,2312,5217688,0.5
667,Accipiter_nisus,1190649881,0,533365,533366,1190649881,10000,3335000,0,2961,6667039,0.5
612,Accipiter_nisus,1190649881,0,533365,533366,1190649881,10000,3060000,0,2699,6117301,0.5
596,Accipiter_nisus,1190649881,0,533365,533366,1190649881,10000,2980000,0,2625,5957375,0.5
700,Accipiter_nisus,1190649881,0,533365,533366,1190649881,10000,3500000,0,3089,6996911,0.5
340,Accipiter_nisus,1190649881,0,533365,533366,1190649881,10000,1700000,0,1486,3398514,0.5
805,Accipiter_nisus,1190649881,0,533365,533366,1190649881,10000,4025000,0,3544,8046456,0.5
132,Accipiter_nisus,1190649881,0,533365,533366,1190649881,10000,660000,0,595,1319405,0.5
496,Accipiter_nisus,1190649881,0,533365,533366,1190649881,10000,2480000,0,2191,4957809,0.5
308,Accipiter_nisus,1190649881,0,533365,533366,1190649881,10000,1540000,0,1355,3078645,0.5
247,Accipiter_nisus,1190649881,0,533365,533366,1190649881,10000,1235000,0,1089,2468911,0.5
825,Accipiter_nisus,1190649881,0,533365,533366,1190649881,10000,4125000,0,3659,8246341,0.5
967,Accipiter_nisus,1190649881,0,533365,533366,1190649881,10000,4835000,0,4307,9665693,0.5
341,Accipiter_nisus,1190649881,0,533365,533366,1190649881,10000,1705000,0,1493,3408507,0.5
964,Accipiter_nisus,1190649881,0,533365,533366,1190649881,10000,4820000,0,4300,9635700,0.5
144,Accipiter_nisus,1190649881,0,533365,533366,1190649881,10000,720000,0,645,1439355,0.5
157,Accipiter_nisus,1190649881,0,533365,533366,1190649881,10000,785000,0,706,1569294,0.5
358,Accipiter_nisus,1190649881,0,533365,533366,1190649881,10000,1790000,0,1579,3578421,0.5
291,Accipiter_nisus,1190649881,0,533365,533366,1190649881,10000,1455000,0,1279,2908721,0.5
692,Accipiter_nisus,1190649881,0,533365,533366,1190649881,10000,3460000,0,3049,6916951,0.5
809,Accipiter_nisus,1190649881,0,533365,533366,1190649881,10000,4045000,0,3561,8086439,0.5
893,Accipiter_nisus,1190649881,0,533365,533366,1190649881,10000,4465000,0,3961,8926039,0.5
387,Accipiter_nisus,1190649881,0,533365,533366,1190649881,10000,1935000,0,1712,3868288,0.5
475,Accipiter_nisus,1190649881,0,533365,533366,1190649881,10000,2375000,0,2109,4747891,0.5
322,Accipiter_nisus,1190649881,0,533365,533366,1190649881,10000,1610000,0,1415,3218585,0.5
643,Accipiter_nisus,1190649881,0,533365,533366,1190649881,10000,3215000,0,2851,6427149,0.5
678,Accipiter_nisus,1190649881,0,533365,533366,1190649881,10000,3390000,0,3000,6777000,0.5
238,Accipiter_nisus,1190649881,0,533365,533366,1190649881,10000,1190000,0,1049,2378951,0.5
436,Accipiter_nisus,1190649881,0,533365,533366,1190649881,10000,2180000,0,1926,4358074,0.5
758,Accipiter_nisus,1190649881,0,533365,533366,1190649881,10000,3790000,0,3362,7576638,0.5
390,Accipiter_nisus,1190649881,0,533365,533366,1190649881,10000,1950000,0,1724,3898276,0.5
533,Accipiter_nisus,1190649881,0,533365,533366,1190649881,10000,2665000,0,2347,5327653,0.5
899,Accipiter_nisus,1190649881,0,533365,533366,1190649881,10000,4495000,0,3981,8986019,0.5
877,Accipiter_nisus,1190649881,0,533365,533366,1190649881,10000,4385000,0,3897,8766103,0.5
313,Accipiter_nisus,1190649881,0,533365,533366,1190649881,10000,1565000,0,1371,3128629,0.5
505,Accipiter_nisus,1190649881,0,533365,533366,1190649881,10000,2525000,0,2232,5047768,0.5
11,Accipiter_nisus,1190649881,0,533365,533366,1190649881,10000,55000,0,59,109941,0.5
402,Accipiter_nisus,1190649881,0,533365,533366,1190649881,10000,2010000,0,1781,4018219,0.5
183,Accipiter_nisus,1190649881,0,533365,533366,1190649881,10000,915000,0,813,1829187,0.5
114,Accipiter_nisus,1190649881,0,533365,533366,1190649881,10000,570000,0,518,1139482,0.5
280,Accipiter_nisus,1190649881,0,533365,533366,1190649881,10000,1400000,0,1225,2798775,0.5
304,Accipiter_nisus,1190649881,0,533365,533366,1190649881,10000,1520000,0,1333,3038667,0.5
350,Accipiter_nisus,1190649881,0,533365,533366,1190649881,10000,1750000,0,1532,3498468,0.5
272,Accipiter_nisus,1190649881,0,533365,533366,1190649881,10000,1360000,0,1190,2718810,0.5
137,Accipiter_nisus,1190649881,0,533365,533366,1190649881,10000,685000,0,618,1369382,0.5
273,Accipiter_nisus,1190649881,0,533365,533366,1190649881,10000,1365000,0,1192,2728808,0.5
389,Accipiter_nisus,1190649881,0,533365,533366,1190649881,10000,1945000,0,1721,3888279,0.5
769,Accipiter_nisus,1190649881,0,533365,533366,1190649881,10000,3845000,0,3398,7686602,0.5
814,Accipiter_nisus,1190649881,0,533365,533366,1190649881,10000,4070000,0,3585,8136415,0.5
872,Accipiter_nisus,1190649881,0,533365,533366,1190649881,10000,4360000,0,3871,8716129,0.5
909,Accipiter_nisus,1190649881,0,533365,533366,1190649881,10000,4545000,0,4045,9085955,0.5
945,Accipiter_nisus,1190649881,0,533365,533366,1190649881,10000,4725000,0,4198,9445802,0.5
823,Accipiter_nisus,1190649881,0,533365,533366,1190649881,10000,4115000,0,3649,8226351,0.5
328,Accipiter_nisus,1190649881,0,533365,533366,1190649881,10000,1640000,0,1438,3278562,0.5
846,Accipiter_nisus,1190649881,0,533365,533366,1190649881,10000,4230000,0,3744,8456256,0.5
134,Accipiter_nisus,1190649881,0,533365,533366,1190649881,10000,670000,0,606,1339394,0.5
970,Accipiter_nisus,1190649881,0,533365,533366,1190649881,10000,4850000,0,4319,9695681,0.5
71,Accipiter_nisus,1190649881,0,533365,533366,1190649881,10000,355000,0,339,709661,0.5
446,Accipiter_nisus,1190649881,0,533365,533366,1190649881,10000,2230000,0,1969,4458031,0.5
175,Accipiter_nisus,1190649881,0,533365,533366,1190649881,10000,875000,0,775,1749225,0.5
17,Accipiter_nisus,1190649881,0,533365,533366,1190649881,10000,85000,0,95,169905,0.5
130,Accipiter_nisus,1190649881,0,533365,533366,1190649881,10000,650000,0,586,1299414,0.5
317,Accipiter_nisus,1190649881,0,533365,533366,1190649881,10000,1585000,0,1389,3168611,0.5
580,Accipiter_nisus,1190649881,0,533365,533366,1190649881,10000,2900000,0,2544,5797456,0.5
135,Accipiter_nisus,1190649881,0,533365,533366,1190649881,10000,675000,0,609,1349391,0.5
105,Accipiter_nisus,1190649881,0,533365,533366,1190649881,10000,525000,0,485,1049515,0.5
63,Accipiter_nisus,1190649881,0,533365,533366,1190649881,10000,315000,0,305,629695,0.5
589,Accipiter_nisus,1190649881,0,533365,533366,1190649881,10000,2945000,0,2581,5887419,0.5
483,Accipiter_nisus,1190649881,0,533365,533366,1190649881,10000,2415000,0,2139,4827861,0.5
426,Accipiter_nisus,1190649881,0,533365,533366,1190649881,10000,2130000,0,1875,4258125,0.5
776,Accipiter_nisus,1190649881,0,533365,533366,1190649881,10000,3880000,0,3424,7756576,0.5
208,Accipiter_nisus,1190649881,0,533365,533366,1190649881,10000,1040000,0,912,2079088,0.5
539,Accipiter_nisus,1190649881,0,533365,533366,1190649881,10000,2695000,0,2366,5387634,0.5
979,Accipiter_nisus,1190649881,0,533365,533366,1190649881,10000,4895000,0,4356,9785644,0.5
195,Accipiter_nisus,1190649881,0,533365,533366,1190649881,10000,975000,0,867,1949133,0.5
278,Accipiter_nisus,1190649881,0,533365,533366,1190649881,10000,1390000,0,1217,2778783,0.5
506,Accipiter_nisus,1190649881,0,533365,533366,1190649881,10000,2530000,0,2238,5057762,0.5
515,Accipiter_nisus,1190649881,0,533365,533366,1190649881,10000,2575000,0,2285,5147715,0.5
985,Accipiter_nisus,1190649881,0,533365,533366,1190649881,10000,4925000,0,4380,9845620,0.5
779,Accipiter_nisus,1190649881,0,533365,533366,1190649881,10000,3895000,0,3435,7786565,0.5
47,Accipiter_nisus,1190649881,0,533365,533366,1190649881,10000,235000,0,237,469763,0.5
255,Accipiter_nisus,1190649881,0,533365,533366,1190649881,10000,1275000,0,1129,2548871,0.5
327,Accipiter_nisus,1190649881,0,533365,533366,1190649881,10000,1635000,0,1434,3268566,0.5
892,Accipiter_nisus,1190649881,0,533365,533366,1190649881,10000,4460000,0,3958,8916042,0.5
326,Accipiter_nisus,1190649881,0,533365,533366,1190649881,10000,1630000,0,1431,3258569,0.5
538,Accipiter_nisus,1190649881,0,533365,533366,1190649881,10000,2690000,0,2363,5377637,0.5
62,Accipiter_nisus,1190649881,0,533365,533366,1190649881,10000,310000,0,299,619701,0.5
303,Accipiter_nisus,1190649881,0,533365,533366,1190649881,10000,1515000,0,1330,3028670,0.5
562,Accipiter_nisus,1190649881,0,533365,533366,1190649881,10000,2810000,0,2452,5617548,0.5
83,Accipiter_nisus,1190649881,0,533365,533366,1190649881,10000,415000,0,388,829612,0.5
484,Accipiter_nisus,1190649881,0,533365,533366,1190649881,10000,2420000,0,2145,4837855,0.5
145,Accipiter_nisus,1190649881,0,533365,533366,1190649881,10000,725000,0,647,1449353,0.5
4,Accipiter_nisus,1190649881,0,533365,533366,1190649881,10000,20000,0,24,39976,0.5
467,Accipiter_nisus,1190649881,0,533365,533366,1190649881,10000,2335000,0,2065,4667935,0.5
528,Accipiter_nisus,1190649881,0,533365,533366,1190649881,10000,2640000,0,2330,5277670,0.5
542,Accipiter_nisus,1190649881,0,533365,533366,1190649881,10000,2710000,0,2376,5417624,0.5
219,Accipiter_nisus,1190649881,0,533365,533366,1190649881,10000,1095000,0,970,2189030,0.5
889,Accipiter_nisus,1190649881,0,533365,533366,1190649881,10000,4445000,0,3946,8886054,0.5
631,Accipiter_nisus,1190649881,0,533365,533366,1190649881,10000,3155000,0,2789,6307211,0.5
129,Accipiter_nisus,1190649881,0,533365,533366,1190649881,10000,645000,0,580,1289420,0.5
803,Accipiter_nisus,1190649881,0,533365,533366,1190649881,10000,4015000,0,3534,8026466,0.5
233,Accipiter_nisus,1190649881,0,533365,533366,1190649881,10000,1165000,0,1024,2328976,0.5
141,Accipiter_nisus,1190649881,0,533365,533366,1190649881,10000,705000,0,633,1409367,0.5
914,Accipiter_nisus,1190649881,0,533365,533366,1190649881,10000,4570000,0,4067,9135933,0.5
227,Accipiter_nisus,1190649881,0,533365,533366,1190649881,10000,1135000,0,1004,2268996,0.5
940,Accipiter_nisus,1190649881,0,533365,533366,1190649881,10000,4700000,0,4179,9395821,0.5
578,Accipiter_nisus,1190649881,0,533365,533366,1190649881,10000,2890000,0,2532,5777468,0.5
638,Accipiter_nisus,1190649881,0,533365,533366,1190649881,10000,3190000,0,2825,6377175,0.5
123,Accipiter_nisus,1190649881,0,533365,533366,1190649881,10000,615000,0,552,1229448,0.5
422,Accipiter_nisus,1190649881,0,533365,533366,1190649881,10000,2110000,0,1859,4218141,0.5
368,Accipiter_nisus,1190649881,0,533365,533366,1190649881,10000,1840000,0,1623,3678377,0.5
250,Accipiter_nisus,1190649881,0,533365,533366,1190649881,10000,1250000,0,1107,2498893,0.5
573,Accipiter_nisus,1190649881,0,533365,533366,1190649881,10000,2865000,0,2507,5727493,0.5
948,Accipiter_nisus,1190649881,0,533365,533366,1190649881,10000,4740000,0,4210,9475790,0.5
968,Accipiter_nisus,1190649881,0,533365,533366,1190649881,10000,4840000,0,4310,9675690,0.5
954,Accipiter_nisus,1190649881,0,533365,533366,1190649881,10000,4770000,0,4237,9535763,0.5
229,Accipiter_nisus,1190649881,0,533365,533366,1190649881,10000,1145000,0,1009,2288991,0.5
392,Accipiter_nisus,1190649881,0,533365,533366,1190649881,10000,1960000,0,1732,3918268,0.5
397,Accipiter_nisus,1190649881,0,533365,533366,1190649881,10000,1985000,0,1755,3968245,0.5
283,Accipiter_nisus,1190649881,0,533365,533366,1190649881,10000,1415000,0,1240,2828760,0.5
834,Accipiter_nisus,1190649881,0,533365,533366,1190649881,10000,4170000,0,3698,8336302,0.5
896,Accipiter_nisus,1190649881,0,533365,533366,1190649881,10000,4480000,0,3973,8956027,0.5
881,Accipiter_nisus,1190649881,0,533365,533366,1190649881,10000,4405000,0,3913,8806087,0.5
857,Accipiter_nisus,1190649881,0,533365,533366,1190649881,10000,4285000,0,3793,8566207,0.5
824,Accipiter_nisus,1190649881,0,533365,533366,1190649881,10000,4120000,0,3654,8236346,0.5
474,Accipiter_nisus,1190649881,0,533365,533366,1190649881,10000,2370000,0,2098,4737902,0.5
816,Accipiter_nisus,1190649881,0,533365,533366,1190649881,10000,4080000,0,3597,8156403,0.5
630,Accipiter_nisus,1190649881,0,533365,533366,1190649881,10000,3150000,0,2786,6297214,0.5
124,Accipiter_nisus,1190649881,0,533365,533366,1190649881,10000,620000,0,557,1239443,0.5
544,Accipiter_nisus,1190649881,0,533365,533366,1190649881,10000,2720000,0,2381,5437619,0.5
942,Accipiter_nisus,1190649881,0,533365,533366,1190649881,10000,4710000,0,4187,9415813,0.5
601,Accipiter_nisus,1190649881,0,533365,533366,1190649881,10000,3005000,0,2653,6007347,0.5
912,Accipiter_nisus,1190649881,0,533365,533366,1190649881,10000,4560000,0,4061,9115939,0.5
977,Accipiter_nisus,1190649881,0,533365,533366,1190649881,10000,4885000,0,4345,9765655,0.5
163,Accipiter_nisus,1190649881,0,533365,533366,1190649881,10000,815000,0,730,1629270,0.5
688,Accipiter_nisus,1190649881,0,533365,533366,1190649881,10000,3440000,0,3034,6876966,0.5
288,Accipiter_nisus,1190649881,0,533365,533366,1190649881,10000,1440000,0,1269,2878731,0.5
396,Accipiter_nisus,1190649881,0,533365,533366,1190649881,10000,1980000,0,1748,3958252,0.5
850,Accipiter_nisus,1190649881,0,533365,533366,1190649881,10000,4250000,0,3761,8496239,0.5
807,Accipiter_nisus,1190649881,0,533365,533366,1190649881,10000,4035000,0,3555,8066445,0.5
879,Accipiter_nisus,1190649881,0,533365,533366,1190649881,10000,4395000,0,3904,8786096,0.5
159,Accipiter_nisus,1190649881,0,533365,533366,1190649881,10000,795000,0,715,1589285,0.5
663,Accipiter_nisus,1190649881,0,533365,533366,1190649881,10000,3315000,0,2942,6627058,0.5
7,Accipiter_nisus,1190649881,0,533365,533366,1190649881,10000,35000,0,36,69964,0.5
147,Accipiter_nisus,1190649881,0,533365,533366,1190649881,10000,735000,0,657,1469343,0.5
365,Accipiter_nisus,1190649881,0,533365,533366,1190649881,10000,1825000,0,1609,3648391,0.5
567,Accipiter_nisus,1190649881,0,533365,533366,1190649881,10000,2835000,0,2472,5667528,0.5
934,Accipiter_nisus,1190649881,0,533365,533366,1190649881,10000,4670000,0,4147,9335853,0.5
51,Accipiter_nisus,1190649881,0,533365,533366,1190649881,10000,255000,0,259,509741,0.5
87,Accipiter_nisus,1190649881,0,533365,533366,1190649881,10000,435000,0,406,869594,0.5
148,Accipiter_nisus,1190649881,0,533365,533366,1190649881,10000,740000,0,661,1479339,0.5
180,Accipiter_nisus,1190649881,0,533365,533366,1190649881,10000,900000,0,795,1799205,0.5
463,Accipiter_nisus,1190649881,0,533365,533366,1190649881,10000,2315000,0,2047,4627953,0.5
920,Accipiter_nisus,1190649881,0,533365,533366,1190649881,10000,4600000,0,4084,9195916,0.5
77,Accipiter_nisus,1190649881,0,533365,533366,1190649881,10000,385000,0,366,769634,0.5
260,Accipiter_nisus,1190649881,0,533365,533366,1190649881,10000,1300000,0,1143,2598857,0.5
236,Accipiter_nisus,1190649881,0,533365,533366,1190649881,10000,1180000,0,1038,2358962,0.5
410,Accipiter_nisus,1190649881,0,533365,533366,1190649881,10000,2050000,0,1817,4098183,0.5
933,Accipiter_nisus,1190649881,0,533365,533366,1190649881,10000,4665000,0,4143,9325857,0.5
855,Accipiter_nisus,1190649881,0,533365,533366,1190649881,10000,4275000,0,3780,8546220,0.5
32,Accipiter_nisus,1190649881,0,533365,533366,1190649881,10000,160000,0,167,319833,0.5
193,Accipiter_nisus,1190649881,0,533365,533366,1190649881,10000,965000,0,861,1929139,0.5
451,Accipiter_nisus,1190649881,0,533365,533366,1190649881,10000,2255000,0,1991,4508009,0.5
207,Accipiter_nisus,1190649881,0,533365,533366,1190649881,10000,1035000,0,908,2069092,0.5
697,Accipiter_nisus,1190649881,0,533365,533366,1190649881,10000,3485000,0,3069,6966931,0.5
222,Accipiter_nisus,1190649881,0,533365,533366,1190649881,10000,1110000,0,990,2219010,0.5
182,Accipiter_nisus,1190649881,0,533365,533366,1190649881,10000,910000,0,808,1819192,0.5
900,Accipiter_nisus,1190649881,0,533365,533366,1190649881,10000,4500000,0,3988,8996012,0.5
939,Accipiter_nisus,1190649881,0,533365,533366,1190649881,10000,4695000,0,4170,9385830,0.5
488,Accipiter_nisus,1190649881,0,533365,533366,1190649881,10000,2440000,0,2161,4877839,0.5
792,Accipiter_nisus,1190649881,0,533365,533366,1190649881,10000,3960000,0,3494,7916506,0.5
437,Accipiter_nisus,1190649881,0,533365,533366,1190649881,10000,2185000,0,1931,4368069,0.5
404,Accipiter_nisus,1190649881,0,533365,533366,1190649881,10000,2020000,0,1791,4038209,0.5
808,Accipiter_nisus,1190649881,0,533365,533366,1190649881,10000,4040000,0,3559,8076441,0.5
605,Accipiter_nisus,1190649881,0,533365,533366,1190649881,10000,3025000,0,2670,6047330,0.5
608,Accipiter_nisus,1190649881,0,533365,533366,1190649881,10000,3040000,0,2685,6077315,0.5
622,Accipiter_nisus,1190649881,0,533365,533366,1190649881,10000,3110000,0,2751,6217249,0.5
374,Accipiter_nisus,1190649881,0,533365,533366,1190649881,10000,1870000,0,1644,3738356,0.5
441,Accipiter_nisus,1190649881,0,533365,533366,1190649881,10000,2205000,0,1947,4408053,0.5
388,Accipiter_nisus,1190649881,0,533365,533366,1190649881,10000,1940000,0,1715,3878285,0.5
606,Accipiter_nisus,1190649881,0,533365,533366,1190649881,10000,3030000,0,2676,6057324,0.5
611,Accipiter_nisus,1190649881,0,533365,533366,1190649881,10000,3055000,0,2696,6107304,0.5
411,Accipiter_nisus,1190649881,0,533365,533366,1190649881,10000,2055000,0,1823,4108177,0.5
536,Accipiter_nisus,1190649881,0,533365,533366,1190649881,10000,2680000,0,2356,5357644,0.5
435,Accipiter_nisus,1190649881,0,533365,533366,1190649881,10000,2175000,0,1923,4348077,0.5
633,Accipiter_nisus,1190649881,0,533365,533366,1190649881,10000,3165000,0,2797,6327203,0.5
393,Accipiter_nisus,1190649881,0,533365,533366,1190649881,10000,1965000,0,1735,3928265,0.5
547,Accipiter_nisus,1190649881,0,533365,533366,1190649881,10000,2735000,0,2390,5467610,0.5
863,Accipiter_nisus,1190649881,0,533365,533366,1190649881,10000,4315000,0,3830,8626170,0.5
142,Accipiter_nisus,1190649881,0,533365,533366,1190649881,10000,710000,0,637,1419363,0.5
609,Accipiter_nisus,1190649881,0,533365,533366,1190649881,10000,3045000,0,2691,6087309,0.5
13,Accipiter_nisus,1190649881,0,533365,533366,1190649881,10000,65000,0,70,129930,0.5
511,Accipiter_nisus,1190649881,0,533365,533366,1190649881,10000,2555000,0,2267,5107733,0.5
558,Accipiter_nisus,1190649881,0,533365,533366,1190649881,10000,2790000,0,2429,5577571,0.5
661,Accipiter_nisus,1190649881,0,533365,533366,1190649881,10000,3305000,0,2926,6607074,0.5
96,Accipiter_nisus,1190649881,0,533365,533366,1190649881,10000,480000,0,445,959555,0.5
323,Accipiter_nisus,1190649881,0,533365,533366,1190649881,10000,1615000,0,1421,3228579,0.5
778,Accipiter_nisus,1190649881,0,533365,533366,1190649881,10000,3890000,0,3430,7776570,0.5
812,Accipiter_nisus,1190649881,0,533365,533366,1190649881,10000,4060000,0,3572,8116428,0.5
878,Accipiter_nisus,1190649881,0,533365,533366,1190649881,10000,4390000,0,3902,8776098,0.5
833,Accipiter_nisus,1190649881,0,533365,533366,1190649881,10000,4165000,0,3697,8326303,0.5
941,Accipiter_nisus,1190649881,0,533365,533366,1190649881,10000,4705000,0,4182,9405818,0.5
517,Accipiter_nisus,1190649881,0,533365,533366,1190649881,10000,2585000,0,2294,5167706,0.5
256,Accipiter_nisus,1190649881,0,533365,533366,1190649881,10000,1280000,0,1130,2558870,0.5
282,Accipiter_nisus,1190649881,0,533365,533366,1190649881,10000,1410000,0,1233,2818767,0.5
744,Accipiter_nisus,1190649881,0,533365,533366,1190649881,10000,3720000,0,3292,7436708,0.5
936,Accipiter_nisus,1190649881,0,533365,533366,1190649881,10000,4680000,0,4155,9355845,0.5
445,Accipiter_nisus,1190649881,0,533365,533366,1190649881,10000,2225000,0,1962,4448038,0.5
670,Accipiter_nisus,1190649881,0,533365,533366,1190649881,10000,3350000,0,2973,6697027,0.5
339,Accipiter_nisus,1190649881,0,533365,533366,1190649881,10000,1695000,0,1484,3388516,0.5
66,Accipiter_nisus,1190649881,0,533365,533366,1190649881,10000,330000,0,319,659681,0.5
882,Accipiter_nisus,1190649881,0,533365,533366,1190649881,10000,4410000,0,3917,8816083,0.5
75,Accipiter_nisus,1190649881,0,533365,533366,1190649881,10000,375000,0,356,749644,0.5
53,Accipiter_nisus,1190649881,0,533365,533366,1190649881,10000,265000,0,268,529732,0.5
23,Accipiter_nisus,1190649881,0,533365,533366,1190649881,10000,115000,0,124,229876,0.5
372,Accipiter_nisus,1190649881,0,533365,533366,1190649881,10000,1860000,0,1636,3718364,0.5
564,Accipiter_nisus,1190649881,0,533365,533366,1190649881,10000,2820000,0,2462,5637538,0.5
42,Accipiter_nisus,1190649881,0,533365,533366,1190649881,10000,210000,0,216,419784,0.5
784,Accipiter_nisus,1190649881,0,533365,533366,1190649881,10000,3920000,0,3456,7836544,0.5
540,Accipiter_nisus,1190649881,0,533365,533366,1190649881,10000,2700000,0,2367,5397633,0.5
604,Accipiter_nisus,1190649881,0,533365,533366,1190649881,10000,3020000,0,2666,6037334,0.5
680,Accipiter_nisus,1190649881,0,533365,533366,1190649881,10000,3400000,0,3006,6796994,0.5
82,Accipiter_nisus,1190649881,0,533365,533366,1190649881,10000,410000,0,386,819614,0.5
884,Accipiter_nisus,1190649881,0,533365,533366,1190649881,10000,4420000,0,3928,8836072,0.5
976,Accipiter_nisus,1190649881,0,533365,533366,1190649881,10000,4880000,0,4344,9755656,0.5
31,Accipiter_nisus,1190649881,0,533365,533366,1190649881,10000,155000,0,162,309838,0.5
626,Accipiter_nisus,1190649881,0,533365,533366,1190649881,10000,3130000,0,2769,6257231,0.5
188,Accipiter_nisus,1190649881,0,533365,533366,1190649881,10000,940000,0,835,1879165,0.5
89,Accipiter_nisus,1190649881,0,533365,533366,1190649881,10000,445000,0,417,889583,0.5
494,Accipiter_nisus,1190649881,0,533365,533366,1190649881,10000,2470000,0,2181,4937819,0.5
592,Accipiter_nisus,1190649881,0,533365,533366,1190649881,10000,2960000,0,2599,5917401,0.5
345,Accipiter_nisus,1190649881,0,533365,533366,1190649881,10000,1725000,0,1508,3448492,0.5
88,Accipiter_nisus,1190649881,0,533365,533366,1190649881,10000,440000,0,408,879592,0.5
651,Accipiter_nisus,1190649881,0,533365,533366,1190649881,10000,3255000,0,2879,6507121,0.5
797,Accipiter_nisus,1190649881,0,533365,533366,1190649881,10000,3985000,0,3514,7966486,0.5
628,Accipiter_nisus,1190649881,0,533365,533366,1190649881,10000,3140000,0,2775,6277225,0.5
584,Accipiter_nisus,1190649881,0,533365,533366,1190649881,10000,2920000,0,2563,5837437,0.5
800,Accipiter_nisus,1190649881,0,533365,533366,1190649881,10000,4000000,0,3524,7996476,0.5
974,Accipiter_nisus,1190649881,0,533365,533366,1190649881,10000,4870000,0,4336,9735664,0.5
400,Accipiter_nisus,1190649881,0,533365,533366,1190649881,10000,2000000,0,1771,3998229,0.5
444,Accipiter_nisus,1190649881,0,533365,533366,1190649881,10000,2220000,0,1958,4438042,0.5
498,Accipiter_nisus,1190649881,0,533365,533366,1190649881,10000,2490000,0,2203,4977797,0.5
545,Accipiter_nisus,1190649881,0,533365,533366,1190649881,10000,2725000,0,2384,5447616,0.5
289,Accipiter_nisus,1190649881,0,533365,533366,1190649881,10000,1445000,0,1273,2888727,0.5
131,Accipiter_nisus,1190649881,0,533365,533366,1190649881,10000,655000,0,591,1309409,0.5
848,Accipiter_nisus,1190649881,0,533365,533366,1190649881,10000,4240000,0,3751,8476249,0.5
671,Accipiter_nisus,1190649881,0,533365,533366,1190649881,10000,3355000,0,2979,6707021,0.5
48,Accipiter_nisus,1190649881,0,533365,533366,1190649881,10000,240000,0,241,479759,0.5
711,Accipiter_nisus,1190649881,0,533365,533366,1190649881,10000,3555000,0,3143,7106857,0.5
189,Accipiter_nisus,1190649881,0,533365,533366,1190649881,10000,945000,0,839,1889161,0.5
318,Accipiter_nisus,1190649881,0,533365,533366,1190649881,10000,1590000,0,1394,3178606,0.5
994,Accipiter_nisus,1190649881,0,533365,533366,1190649881,10000,4970000,0,4418,9935582,0.5
431,Accipiter_nisus,1190649881,0,533365,533366,1190649881,10000,2155000,0,1901,4308099,0.5
514,Accipiter_nisus,1190649881,0,533365,533366,1190649881,10000,2570000,0,2279,5137721,0.5
662,Accipiter_nisus,1190649881,0,533365,533366,1190649881,10000,3310000,0,2934,6617066,0.5
399,Accipiter_nisus,1190649881,0,533365,533366,1190649881,10000,1995000,0,1767,3988233,0.5
391,Accipiter_nisus,1190649881,0,533365,533366,1190649881,10000,1955000,0,1728,3908272,0.5
632,Accipiter_nisus,1190649881,0,533365,533366,1190649881,10000,3160000,0,2793,6317207,0.5
468,Accipiter_nisus,1190649881,0,533365,533366,1190649881,10000,2340000,0,2075,4677925,0.5
975,Accipiter_nisus,1190649881,0,533365,533366,1190649881,10000,4875000,0,4341,9745659,0.5
587,Accipiter_nisus,1190649881,0,533365,533366,1190649881,10000,2935000,0,2574,5867426,0.5
217,Accipiter_nisus,1190649881,0,533365,533366,1190649881,10000,1085000,0,962,2169038,0.5
982,Accipiter_nisus,1190649881,0,533365,533366,1190649881,10000,4910000,0,4368,9815632,0.5
168,Accipiter_nisus,1190649881,0,533365,533366,1190649881,10000,840000,0,754,1679246,0.5
447,Accipiter_nisus,1190649881,0,533365,533366,1190649881,10000,2235000,0,1971,4468029,0.5
343,Accipiter_nisus,1190649881,0,533365,533366,1190649881,10000,1715000,0,1502,3428498,0.5
620,Accipiter_nisus,1190649881,0,533365,533366,1190649881,10000,3100000,0,2739,6197261,0.5
113,Accipiter_nisus,1190649881,0,533365,533366,1190649881,10000,565000,0,512,1129488,0.5
61,Accipiter_nisus,1190649881,0,533365,533366,1190649881,10000,305000,0,296,609704,0.5
804,Accipiter_nisus,1190649881,0,533365,533366,1190649881,10000,4020000,0,3537,8036463,0.5
448,Accipiter_nisus,1190649881,0,533365,533366,1190649881,10000,2240000,0,1975,4478025,0.5
296,Accipiter_nisus,1190649881,0,533365,533366,1190649881,10000,1480000,0,1304,2958696,0.5
425,Accipiter_nisus,1190649881,0,533365,533366,1190649881,10000,2125000,0,1874,4248126,0.5
687,Accipiter_nisus,1190649881,0,533365,533366,1190649881,10000,3435000,0,3028,6866972,0.5
729,Accipiter_nisus,1190649881,0,533365,533366,1190649881,10000,3645000,0,3211,7286789,0.5
858,Accipiter_nisus,1190649881,0,533365,533366,1190649881,10000,4290000,0,3796,8576204,0.5
950,Accipiter_nisus,1190649881,0,533365,533366,1190649881,10000,4750000,0,4224,9495776,0.5
862,Accipiter_nisus,1190649881,0,533365,533366,1190649881,10000,4310000,0,3826,8616174,0.5
930,Accipiter_nisus,1190649881,0,533365,533366,1190649881,10000,4650000,0,4128,9295872,0.5
1000,Accipiter_nisus,1190649881,0,533365,533366,1190649881,10000,5000000,0,4454,9995546,0.5
287,Accipiter_nisus,1190649881,0,533365,533366,1190649881,10000,1435000,0,1262,2868738,0.5
822,Accipiter_nisus,1190649881,0,533365,533366,1190649881,10000,4110000,0,3639,8216361,0.5
895,Accipiter_nisus,1190649881,0,533365,533366,1190649881,10000,4475000,0,3967,8946033,0.5
502,Accipiter_nisus,1190649881,0,533365,533366,1190649881,10000,2510000,0,2225,5017775,0.5
44,Accipiter_nisus,1190649881,0,533365,533366,1190649881,10000,220000,0,223,439777,0.5
248,Accipiter_nisus,1190649881,0,533365,533366,1190649881,10000,1240000,0,1095,2478905,0.5
9,Accipiter_nisus,1190649881,0,533365,533366,1190649881,10000,45000,0,51,89949,0.5
284,Accipiter_nisus,1190649881,0,533365,533366,1190649881,10000,1420000,0,1245,2838755,0.5
981,Accipiter_nisus,1190649881,0,533365,533366,1190649881,10000,4905000,0,4364,9805636,0.5
710,Accipiter_nisus,1190649881,0,533365,533366,1190649881,10000,3550000,0,3138,7096862,0.5
880,Accipiter_nisus,1190649881,0,533365,533366,1190649881,10000,4400000,0,3909,8796091,0.5
619,Accipiter_nisus,1190649881,0,533365,533366,1190649881,10000,3095000,0,2733,6187267,0.5
412,Accipiter_nisus,1190649881,0,533365,533366,1190649881,10000,2060000,0,1827,4118173,0.5
309,Accipiter_nisus,1190649881,0,533365,533366,1190649881,10000,1545000,0,1360,3088640,0.5
33,Accipiter_nisus,1190649881,0,533365,533366,1190649881,10000,165000,0,173,329827,0.5
196,Accipiter_nisus,1190649881,0,533365,533366,1190649881,10000,980000,0,870,1959130,0.5
471,Accipiter_nisus,1190649881,0,533365,533366,1190649881,10000,2355000,0,2087,4707913,0.5
984,Accipiter_nisus,1190649881,0,533365,533366,1190649881,10000,4920000,0,4373,9835627,0.5
531,Accipiter_nisus,1190649881,0,533365,533366,1190649881,10000,2655000,0,2342,5307658,0.5
362,Accipiter_nisus,1190649881,0,533365,533366,1190649881,10000,1810000,0,1597,3618403,0.5
91,Accipiter_nisus,1190649881,0,533365,533366,1190649881,10000,455000,0,426,909574,0.5
935,Accipiter_nisus,1190649881,0,533365,533366,1190649881,10000,4675000,0,4154,9345846,0.5
569,Accipiter_nisus,1190649881,0,533365,533366,1190649881,10000,2845000,0,2480,5687520,0.5
258,Accipiter_nisus,1190649881,0,533365,533366,1190649881,10000,1290000,0,1136,2578864,0.5
290,Accipiter_nisus,1190649881,0,533365,533366,1190649881,10000,1450000,0,1277,2898723,0.5
164,Accipiter_nisus,1190649881,0,533365,533366,1190649881,10000,820000,0,733,1639267,0.5
121,Accipiter_nisus,1190649881,0,533365,533366,1190649881,10000,605000,0,548,1209452,0.5
570,Accipiter_nisus,1190649881,0,533365,533366,1190649881,10000,2850000,0,2487,5697513,0.5
870,Accipiter_nisus,1190649881,0,533365,533366,1190649881,10000,4350000,0,3858,8696142,0.5
613,Accipiter_nisus,1190649881,0,533365,533366,1190649881,10000,3065000,0,2701,6127299,0.5
156,Accipiter_nisus,1190649881,0,533365,533366,1190649881,10000,780000,0,704,1559296,0.5
277,Accipiter_nisus,1190649881,0,533365,533366,1190649881,10000,1385000,0,1212,2768788,0.5
581,Accipiter_nisus,1190649881,0,533365,533366,1190649881,10000,2905000,0,2552,5807448,0.5
319,Accipiter_nisus,1190649881,0,533365,533366,1190649881,10000,1595000,0,1401,3188599,0.5
416,Accipiter_nisus,1190649881,0,533365,533366,1190649881,10000,2080000,0,1844,4158156,0.5
490,Accipiter_nisus,1190649881,0,533365,533366,1190649881,10000,2450000,0,2165,4897835,0.5
836,Accipiter_nisus,1190649881,0,533365,533366,1190649881,10000,4180000,0,3702,8356298,0.5
106,Accipiter_nisus,1190649881,0,533365,533366,1190649881,10000,530000,0,487,1059513,0.5
852,Accipiter_nisus,1190649881,0,533365,533366,1190649881,10000,4260000,0,3770,8516230,0.5
735,Accipiter_nisus,1190649881,0,533365,533366,1190649881,10000,3675000,0,3240,7346760,0.5
790,Accipiter_nisus,1190649881,0,533365,533366,1190649881,10000,3950000,0,3485,7896515,0.5
300,Accipiter_nisus,1190649881,0,533365,533366,1190649881,10000,1500000,0,1315,2998685,0.5
742,Accipiter_nisus,1190649881,0,533365,533366,1190649881,10000,3710000,0,3280,7416720,0.5
218,Accipiter_nisus,1190649881,0,533365,533366,1190649881,10000,1090000,0,965,2179035,0.5
637,Accipiter_nisus,1190649881,0,533365,533366,1190649881,10000,3185000,0,2820,6367180,0.5
371,Accipiter_nisus,1190649881,0,533365,533366,1190649881,10000,1855000,0,1634,3708366,0.5
210,Accipiter_nisus,1190649881,0,533365,533366,1190649881,10000,1050000,0,917,2099083,0.5
307,Accipiter_nisus,1190649881,0,533365,533366,1190649881,10000,1535000,0,1349,3068651,0.5
995,Accipiter_nisus,1190649881,0,533365,533366,1190649881,10000,4975000,0,4424,9945576,0.5
842,Accipiter_nisus,1190649881,0,533365,533366,1190649881,10000,4210000,0,3724,8416276,0.5
723,Accipiter_nisus,1190649881,0,533365,533366,1190649881,10000,3615000,0,3186,7226814,0.5
40,Accipiter_nisus,1190649881,0,533365,533366,1190649881,10000,200000,0,209,399791,0.5
780,Accipiter_nisus,1190649881,0,533365,533366,1190649881,10000,3900000,0,3444,7796556,0.5
353,Accipiter_nisus,1190649881,0,533365,533366,1190649881,10000,1765000,0,1544,3528456,0.5
112,Accipiter_nisus,1190649881,0,533365,533366,1190649881,10000,560000,0,508,1119492,0.5
461,Accipiter_nisus,1190649881,0,533365,533366,1190649881,10000,2305000,0,2035,4607965,0.5
513,Accipiter_nisus,1190649881,0,533365,533366,1190649881,10000,2565000,0,2278,5127722,0.5
947,Accipiter_nisus,1190649881,0,533365,533366,1190649881,10000,4735000,0,4208,9465792,0.5
574,Accipiter_nisus,1190649881,0,533365,533366,1190649881,10000,2870000,0,2511,5737489,0.5
472,Accipiter_nisus,1190649881,0,533365,533366,1190649881,10000,2360000,0,2089,4717911,0.5
176,Accipiter_nisus,1190649881,0,533365,533366,1190649881,10000,880000,0,776,1759224,0.5
301,Accipiter_nisus,1190649881,0,533365,533366,1190649881,10000,1505000,0,1316,3008684,0.5
772,Accipiter_nisus,1190649881,0,533365,533366,1190649881,10000,3860000,0,3405,7716595,0.5
223,Accipiter_nisus,1190649881,0,533365,533366,1190649881,10000,1115000,0,993,2229007,0.5
279,Accipiter_nisus,1190649881,0,533365,533366,1190649881,10000,1395000,0,1223,2788777,0.5
597,Accipiter_nisus,1190649881,0,533365,533366,1190649881,10000,2985000,0,2629,5967371,0.5
709,Accipiter_nisus,1190649881,0,533365,533366,1190649881,10000,3545000,0,3131,7086869,0.5
500,Accipiter_nisus,1190649881,0,533365,533366,1190649881,10000,2500000,0,2213,4997787,0.5
851,Accipiter_nisus,1190649881,0,533365,533366,1190649881,10000,4255000,0,3765,8506235,0.5
738,Accipiter_nisus,1190649881,0,533365,533366,1190649881,10000,3690000,0,3260,7376740,0.5
100,Accipiter_nisus,1190649881,0,533365,533366,1190649881,10000,500000,0,464,999536,0.5
937,Accipiter_nisus,1190649881,0,533365,533366,1190649881,10000,4685000,0,4160,9365840,0.5
464,Accipiter_nisus,1190649881,0,533365,533366,1190649881,10000,2320000,0,2053,4637947,0.5
93,Accipiter_nisus,1190649881,0,533365,533366,1190649881,10000,465000,0,437,929563,0.5
785,Accipiter_nisus,1190649881,0,533365,533366,1190649881,10000,3925000,0,3461,7846539,0.5
756,Accipiter_nisus,1190649881,0,533365,533366,1190649881,10000,3780000,0,3355,7556645,0.5
924,Accipiter_nisus,1190649881,0,533365,533366,1190649881,10000,4620000,0,4103,9235897,0.5
346,Accipiter_nisus,1190649881,0,533365,533366,1190649881,10000,1730000,0,1515,3458485,0.5
743,Accipiter_nisus,1190649881,0,533365,533366,1190649881,10000,3715000,0,3285,7426715,0.5
815,Accipiter_nisus,1190649881,0,533365,533366,1190649881,10000,4075000,0,3590,8146410,0.5
231,Accipiter_nisus,1190649881,0,533365,533366,1190649881,10000,1155000,0,1018,2308982,0.5
996,Accipiter_nisus,1190649881,0,533365,533366,1190649881,10000,4980000,0,4433,9955567,0.5
845,Accipiter_nisus,1190649881,0,533365,533366,1190649881,10000,4225000,0,3742,8446258,0.5
599,Accipiter_nisus,1190649881,0,533365,533366,1190649881,10000,2995000,0,2640,5987360,0.5
415,Accipiter_nisus,1190649881,0,533365,533366,1190649881,10000,2075000,0,1838,4148162,0.5
689,Accipiter_nisus,1190649881,0,533365,533366,1190649881,10000,3445000,0,3038,6886962,0.5
84,Accipiter_nisus,1190649881,0,533365,533366,1190649881,10000,420000,0,390,839610,0.5
714,Accipiter_nisus,1190649881,0,533365,533366,1190649881,10000,3570000,0,3157,7136843,0.5
192,Accipiter_nisus,1190649881,0,533365,533366,1190649881,10000,960000,0,856,1919144,0.5
712,Accipiter_nisus,1190649881,0,533365,533366,1190649881,10000,3560000,0,3150,7116850,0.5
73,Accipiter_nisus,1190649881,0,533365,533366,1190649881,10000,365000,0,348,729652,0.5
120,Accipiter_nisus,1190649881,0,533365,533366,1190649881,10000,600000,0,544,1199456,0.5
292,Accipiter_nisus,1190649881,0,533365,533366,1190649881,10000,1460000,0,1282,2918718,0.5
827,Accipiter_nisus,1190649881,0,533365,533366,1190649881,10000,4135000,0,3667,8266333,0.5
184,Accipiter_nisus,1190649881,0,533365,533366,1190649881,10000,920000,0,820,1839180,0.5
449,Accipiter_nisus,1190649881,0,533365,533366,1190649881,10000,2245000,0,1978,4488022,0.5
281,Accipiter_nisus,1190649881,0,533365,533366,1190649881,10000,1405000,0,1229,2808771,0.5
654,Accipiter_nisus,1190649881,0,533365,533366,1190649881,10000,3270000,0,2889,6537111,0.5
919,Accipiter_nisus,1190649881,0,533365,533366,1190649881,10000,4595000,0,4080,9185920,0.5
771,Accipiter_nisus,1190649881,0,533365,533366,1190649881,10000,3855000,0,3403,7706597,0.5
22,Accipiter_nisus,1190649881,0,533365,533366,1190649881,10000,110000,0,120,219880,0.5
230,Accipiter_nisus,1190649881,0,533365,533366,1190649881,10000,1150000,0,1013,2298987,0.5
241,Accipiter_nisus,1190649881,0,533365,533366,1190649881,10000,1205000,0,1057,2408943,0.5
789,Accipiter_nisus,1190649881,0,533365,533366,1190649881,10000,3945000,0,3480,7886520,0.5
56,Accipiter_nisus,1190649881,0,533365,533366,1190649881,10000,280000,0,280,559720,0.5
305,Accipiter_nisus,1190649881,0,533365,533366,1190649881,10000,1525000,0,1341,3048659,0.5
770,Accipiter_nisus,1190649881,0,533365,533366,1190649881,10000,3850000,0,3400,7696600,0.5
801,Accipiter_nisus,1190649881,0,533365,533366,1190649881,10000,4005000,0,3526,8006474,0.5
226,Accipiter_nisus,1190649881,0,533365,533366,1190649881,10000,1130000,0,1003,2258997,0.5
543,Accipiter_nisus,1190649881,0,533365,533366,1190649881,10000,2715000,0,2379,5427621,0.5
352,Accipiter_nisus,1190649881,0,533365,533366,1190649881,10000,1760000,0,1539,3518461,0.5
894,Accipiter_nisus,1190649881,0,533365,533366,1190649881,10000,4470000,0,3963,8936037,0.5
616,Accipiter_nisus,1190649881,0,533365,533366,1190649881,10000,3080000,0,2715,6157285,0.5
72,Accipiter_nisus,1190649881,0,533365,533366,1190649881,10000,360000,0,344,719656,0.5
594,Accipiter_nisus,1190649881,0,533365,533366,1190649881,10000,2970000,0,2614,5937386,0.5
28,Accipiter_nisus,1190649881,0,533365,533366,1190649881,10000,140000,0,152,279848,0.5
384,Accipiter_nisus,1190649881,0,533365,533366,1190649881,10000,1920000,0,1694,3838306,0.5
52,Accipiter_nisus,1190649881,0,533365,533366,1190649881,10000,260000,0,263,519737,0.5
382,Accipiter_nisus,1190649881,0,533365,533366,1190649881,10000,1910000,0,1685,3818315,0.5
95,Accipiter_nisus,1190649881,0,533365,533366,1190649881,10000,475000,0,442,949558,0.5
600,Accipiter_nisus,1190649881,0,533365,533366,1190649881,10000,3000000,0,2646,5997354,0.5
897,Accipiter_nisus,1190649881,0,533365,533366,1190649881,10000,4485000,0,3975,8966025,0.5
104,Accipiter_nisus,1190649881,0,533365,533366,1190649881,10000,520000,0,483,1039517,0.5
172,Accipiter_nisus,1190649881,0,533365,533366,1190649881,10000,860000,0,767,1719233,0.5
111,Accipiter_nisus,1190649881,0,533365,533366,1190649881,10000,555000,0,501,1109499,0.5
81,Accipiter_nisus,1190649881,0,533365,533366,1190649881,10000,405000,0,381,809619,0.5
125,Accipiter_nisus,1190649881,0,533365,533366,1190649881,10000,625000,0,563,1249437,0.5
209,Accipiter_nisus,1190649881,0,533365,533366,1190649881,10000,1045000,0,915,2089085,0.5
221,Accipiter_nisus,1190649881,0,533365,533366,1190649881,10000,1105000,0,981,2209019,0.5
546,Accipiter_nisus,1190649881,0,533365,533366,1190649881,10000,2730000,0,2389,5457611,0.5
275,Accipiter_nisus,1190649881,0,533365,533366,1190649881,10000,1375000,0,1199,2748801,0.5
466,Accipiter_nisus,1190649881,0,533365,533366,1190649881,10000,2330000,0,2063,4657937,0.5
602,Accipiter_nisus,1190649881,0,533365,533366,1190649881,10000,3010000,0,2656,6017344,0.5
885,Accipiter_nisus,1190649881,0,533365,533366,1190649881,10000,4425000,0,3932,8846068,0.5
999,Accipiter_nisus,1190649881,0,533365,533366,1190649881,10000,4995000,0,4447,9985553,0.5
268,Accipiter_nisus,1190649881,0,533365,533366,1190649881,10000,1340000,0,1175,2678825,0.5
648,Accipiter_nisus,1190649881,0,533365,533366,1190649881,10000,3240000,0,2869,6477131,0.5
516,Accipiter_nisus,1190649881,0,533365,533366,1190649881,10000,2580000,0,2288,5157712,0.5
660,Accipiter_nisus,1190649881,0,533365,533366,1190649881,10000,3300000,0,2919,6597081,0.5
450,Accipiter_nisus,1190649881,0,533365,533366,1190649881,10000,2250000,0,1983,4498017,0.5
757,Accipiter_nisus,1190649881,0,533365,533366,1190649881,10000,3785000,0,3359,7566641,0.5
351,Accipiter_nisus,1190649881,0,533365,533366,1190649881,10000,1755000,0,1537,3508463,0.5
636,Accipiter_nisus,1190649881,0,533365,533366,1190649881,10000,3180000,0,2815,6357185,0.5
170,Accipiter_nisus,1190649881,0,533365,533366,1190649881,10000,850000,0,762,1699238,0.5
911,Accipiter_nisus,1190649881,0,533365,533366,1190649881,10000,4555000,0,4056,9105944,0.5
242,Accipiter_nisus,1190649881,0,533365,533366,1190649881,10000,1210000,0,1066,2418934,0.5
859,Accipiter_nisus,1190649881,0,533365,533366,1190649881,10000,4295000,0,3805,8586195,0.5
747,Accipiter_nisus,1190649881,0,533365,533366,1190649881,10000,3735000,0,3302,7466698,0.5
875,Accipiter_nisus,1190649881,0,533365,533366,1190649881,10000,4375000,0,3887,8746113,0.5
492,Accipiter_nisus,1190649881,0,533365,533366,1190649881,10000,2460000,0,2171,4917829,0.5
614,Accipiter_nisus,1190649881,0,533365,533366,1190649881,10000,3070000,0,2707,6137293,0.5
991,Accipiter_nisus,1190649881,0,533365,533366,1190649881,10000,4955000,0,4405,9905595,0.5
110,Accipiter_nisus,1190649881,0,533365,533366,1190649881,10000,550000,0,499,1099501,0.5
186,Accipiter_nisus,1190649881,0,533365,533366,1190649881,10000,930000,0,829,1859171,0.5
503,Accipiter_nisus,1190649881,0,533365,533366,1190649881,10000,2515000,0,2227,5027773,0.5
861,Accipiter_nisus,1190649881,0,533365,533366,1190649881,10000,4305000,0,3818,8606182,0.5
990,Accipiter_nisus,1190649881,0,533365,533366,1190649881,10000,4950000,0,4398,9895602,0.5
39,Accipiter_nisus,1190649881,0,533365,533366,1190649881,10000,195000,0,206,389794,0.5
206,Accipiter_nisus,1190649881,0,533365,533366,1190649881,10000,1030000,0,907,2059093,0.5
420,Accipiter_nisus,1190649881,0,533365,533366,1190649881,10000,2100000,0,1854,4198146,0.5
473,Accipiter_nisus,1190649881,0,533365,533366,1190649881,10000,2365000,0,2094,4727906,0.5
650,Accipiter_nisus,1190649881,0,533365,533366,1190649881,10000,3250000,0,2876,6497124,0.5
901,Accipiter_nisus,1190649881,0,533365,533366,1190649881,10000,4505000,0,3991,9006009,0.5
988,Accipiter_nisus,1190649881,0,533365,533366,1190649881,10000,4940000,0,4388,9875612,0.5
294,Accipiter_nisus,1190649881,0,533365,533366,1190649881,10000,1470000,0,1294,2938706,0.5
158,Accipiter_nisus,1190649881,0,533365,533366,1190649881,10000,790000,0,711,1579289,0.5
499,Accipiter_nisus,1190649881,0,533365,533366,1190649881,10000,2495000,0,2209,4987791,0.5
395,Accipiter_nisus,1190649881,0,533365,533366,1190649881,10000,1975000,0,1745,3948255,0.5
603,Accipiter_nisus,1190649881,0,533365,533366,1190649881,10000,3015000,0,2661,6027339,0.5
685,Accipiter_nisus,1190649881,0,533365,533366,1190649881,10000,3425000,0,3024,6846976,0.5
504,Accipiter_nisus,1190649881,0,533365,533366,1190649881,10000,2520000,0,2229,5037771,0.5
310,Accipiter_nisus,1190649881,0,533365,533366,1190649881,10000,1550000,0,1363,3098637,0.5
452,Accipiter_nisus,1190649881,0,533365,533366,1190649881,10000,2260000,0,1994,4518006,0.5
481,Accipiter_nisus,1190649881,0,533365,533366,1190649881,10000,2405000,0,2135,4807865,0.5
297,Accipiter_nisus,1190649881,0,533365,533366,1190649881,10000,1485000,0,1306,2968694,0.5
269,Accipiter_nisus,1190649881,0,533365,533366,1190649881,10000,1345000,0,1181,2688819,0.5
768,Accipiter_nisus,1190649881,0,533365,533366,1190649881,10000,3840000,0,3396,7676604,0.5
910,Accipiter_nisus,1190649881,0,533365,533366,1190649881,10000,4550000,0,4052,9095948,0.5
921,Accipiter_nisus,1190649881,0,533365,533366,1190649881,10000,4605000,0,4088,9205912,0.5
271,Accipiter_nisus,1190649881,0,533365,533366,1190649881,10000,1355000,0,1186,2708814,0.5
777,Accipiter_nisus,1190649881,0,533365,533366,1190649881,10000,3885000,0,3428,7766572,0.5
252,Accipiter_nisus,1190649881,0,533365,533366,1190649881,10000,1260000,0,1119,2518881,0.5
162,Accipiter_nisus,1190649881,0,533365,533366,1190649881,10000,810000,0,729,1619271,0.5
749,Accipiter_nisus,1190649881,0,533365,533366,1190649881,10000,3745000,0,3314,7486686,0.5
629,Accipiter_nisus,1190649881,0,533365,533366,1190649881,10000,3145000,0,2780,6287220,0.5
753,Accipiter_nisus,1190649881,0,533365,533366,1190649881,10000,3765000,0,3339,7526661,0.5
903,Accipiter_nisus,1190649881,0,533365,533366,1190649881,10000,4515000,0,4007,9025993,0.5
302,Accipiter_nisus,1190649881,0,533365,533366,1190649881,10000,1510000,0,1320,3018680,0.5
520,Accipiter_nisus,1190649881,0,533365,533366,1190649881,10000,2600000,0,2301,5197699,0.5
216,Accipiter_nisus,1190649881,0,533365,533366,1190649881,10000,1080000,0,954,2159046,0.5
244,Accipiter_nisus,1190649881,0,533365,533366,1190649881,10000,1220000,0,1078,2438922,0.5
406,Accipiter_nisus,1190649881,0,533365,533366,1190649881,10000,2030000,0,1798,4058202,0.5
739,Accipiter_nisus,1190649881,0,533365,533366,1190649881,10000,3695000,0,3264,7386736,0.5
755,Accipiter_nisus,1190649881,0,533365,533366,1190649881,10000,3775000,0,3348,7546652,0.5
97,Accipiter_nisus,1190649881,0,533365,533366,1190649881,10000,485000,0,448,969552,0.5
579,Accipiter_nisus,1190649881,0,533365,533366,1190649881,10000,2895000,0,2538,5787462,0.5
624,Accipiter_nisus,1190649881,0,533365,533366,1190649881,10000,3120000,0,2760,6237240,0.5
699,Accipiter_nisus,1190649881,0,533365,533366,1190649881,10000,3495000,0,3084,6986916,0.5
740,Accipiter_nisus,1190649881,0,533365,533366,1190649881,10000,3700000,0,3271,7396729,0.5
115,Accipiter_nisus,1190649881,0,533365,533366,1190649881,10000,575000,0,522,1149478,0.5
951,Accipiter_nisus,1190649881,0,533365,533366,1190649881,10000,4755000,0,4227,9505773,0.5
794,Accipiter_nisus,1190649881,0,533365,533366,1190649881,10000,3970000,0,3500,7936500,0.5
185,Accipiter_nisus,1190649881,0,533365,533366,1190649881,10000,925000,0,827,1849173,0.5
727,Accipiter_nisus,1190649881,0,533365,533366,1190649881,10000,3635000,0,3199,7266801,0.5
29,Accipiter_nisus,1190649881,0,533365,533366,1190649881,10000,145000,0,158,289842,0.5
26,Accipiter_nisus,1190649881,0,533365,533366,1190649881,10000,130000,0,142,259858,0.5
312,Accipiter_nisus,1190649881,0,533365,533366,1190649881,10000,1560000,0,1370,3118630,0.5
986,Accipiter_nisus,1190649881,0,533365,533366,1190649881,10000,4930000,0,4381,9855619,0.5
508,Accipiter_nisus,1190649881,0,533365,533366,1190649881,10000,2540000,0,2248,5077752,0.5
171,Accipiter_nisus,1190649881,0,533365,533366,1190649881,10000,855000,0,765,1709235,0.5
476,Accipiter_nisus,1190649881,0,533365,533366,1190649881,10000,2380000,0,2112,4757888,0.5
666,Accipiter_nisus,1190649881,0,533365,533366,1190649881,10000,3330000,0,2957,6657043,0.5
535,Accipiter_nisus,1190649881,0,533365,533366,1190649881,10000,2675000,0,2353,5347647,0.5
821,Accipiter_nisus,1190649881,0,533365,533366,1190649881,10000,4105000,0,3634,8206366,0.5
55,Accipiter_nisus,1190649881,0,533365,533366,1190649881,10000,275000,0,274,549726,0.5
767,Accipiter_nisus,1190649881,0,533365,533366,1190649881,10000,3835000,0,3389,7666611,0.5
874,Accipiter_nisus,1190649881,0,533365,533366,1190649881,10000,4370000,0,3880,8736120,0.5
752,Accipiter_nisus,1190649881,0,533365,533366,1190649881,10000,3760000,0,3335,7516665,0.5
656,Accipiter_nisus,1190649881,0,533365,533366,1190649881,10000,3280000,0,2897,6557103,0.5
731,Accipiter_nisus,1190649881,0,533365,533366,1190649881,10000,3655000,0,3219,7306781,0.5
971,Accipiter_nisus,1190649881,0,533365,533366,1190649881,10000,4855000,0,4326,9705674,0.5
8,Accipiter_nisus,1190649881,0,533365,533366,1190649881,10000,40000,0,49,79951,0.5
254,Accipiter_nisus,1190649881,0,533365,533366,1190649881,10000,1270000,0,1127,2538873,0.5
734,Accipiter_nisus,1190649881,0,533365,533366,1190649881,10000,3670000,0,3234,7336766,0.5
49,Accipiter_nisus,1190649881,0,533365,533366,1190649881,10000,245000,0,245,489755,0.5
763,Accipiter_nisus,1190649881,0,533365,533366,1190649881,10000,3815000,0,3376,7626624,0.5
5,Accipiter_nisus,1190649881,0,533365,533366,1190649881,10000,25000,0,28,49972,0.5
485,Accipiter_nisus,1190649881,0,533365,533366,1190649881,10000,2425000,0,2150,4847850,0.5
817,Accipiter_nisus,1190649881,0,533365,533366,1190649881,10000,4085000,0,3606,8166394,0.5
841,Accipiter_nisus,1190649881,0,533365,533366,1190649881,10000,4205000,0,3719,8406281,0.5
992,Accipiter_nisus,1190649881,0,533365,533366,1190649881,10000,4960000,0,4407,9915593,0.5
245,Accipiter_nisus,1190649881,0,533365,533366,1190649881,10000,1225000,0,1081,2448919,0.5
202,Accipiter_nisus,1190649881,0,533365,533366,1190649881,10000,1010000,0,889,2019111,0.5
512,Accipiter_nisus,1190649881,0,533365,533366,1190649881,10000,2560000,0,2273,5117727,0.5
321,Accipiter_nisus,1190649881,0,533365,533366,1190649881,10000,1605000,0,1410,3208590,0.5
408,Accipiter_nisus,1190649881,0,533365,533366,1190649881,10000,2040000,0,1808,4078192,0.5
944,Accipiter_nisus,1190649881,0,533365,533366,1190649881,10000,4720000,0,4195,9435805,0.5
65,Accipiter_nisus,1190649881,0,533365,533366,1190649881,10000,325000,0,312,649688,0.5
585,Accipiter_nisus,1190649881,0,533365,533366,1190649881,10000,2925000,0,2566,5847434,0.5
64,Accipiter_nisus,1190649881,0,533365,533366,1190649881,10000,320000,0,309,639691,0.5
649,Accipiter_nisus,1190649881,0,533365,533366,1190649881,10000,3245000,0,2873,6487127,0.5
69,Accipiter_nisus,1190649881,0,533365,533366,1190649881,10000,345000,0,331,689669,0.5
715,Accipiter_nisus,1190649881,0,533365,533366,1190649881,10000,3575000,0,3165,7146835,0.5
849,Accipiter_nisus,1190649881,0,533365,533366,1190649881,10000,4245000,0,3755,8486245,0.5
12,Accipiter_nisus,1190649881,0,533365,533366,1190649881,10000,60000,0,65,119935,0.5
572,Accipiter_nisus,1190649881,0,533365,533366,1190649881,10000,2860000,0,2500,5717500,0.5
487,Accipiter_nisus,1190649881,0,533365,533366,1190649881,10000,2435000,0,2158,4867842,0.5
708,Accipiter_nisus,1190649881,0,533365,533366,1190649881,10000,3540000,0,3128,7076872,0.5
103,Accipiter_nisus,1190649881,0,533365,533366,1190649881,10000,515000,0,476,1029524,0.5
169,Accipiter_nisus,1190649881,0,533365,533366,1190649881,10000,845000,0,760,1689240,0.5
286,Accipiter_nisus,1190649881,0,533365,533366,1190649881,10000,1430000,0,1254,2858746,0.5
118,Accipiter_nisus,1190649881,0,533365,533366,1190649881,10000,590000,0,536,1179464,0.5
523,Accipiter_nisus,1190649881,0,533365,533366,1190649881,10000,2615000,0,2319,5227681,0.5
788,Accipiter_nisus,1190649881,0,533365,533366,1190649881,10000,3940000,0,3477,7876523,0.5
868,Accipiter_nisus,1190649881,0,533365,533366,1190649881,10000,4340000,0,3849,8676151,0.5
906,Accipiter_nisus,1190649881,0,533365,533366,1190649881,10000,4530000,0,4023,9055977,0.5
746,Accipiter_nisus,1190649881,0,533365,533366,1190649881,10000,3730000,0,3302,7456698,0.5
253,Accipiter_nisus,1190649881,0,533365,533366,1190649881,10000,1265000,0,1125,2528875,0.5
220,Accipiter_nisus,1190649881,0,533365,533366,1190649881,10000,1100000,0,975,2199025,0.5
18,Accipiter_nisus,1190649881,0,533365,533366,1190649881,10000,90000,0,98,179902,0.5
43,Accipiter_nisus,1190649881,0,533365,533366,1190649881,10000,215000,0,220,429780,0.5
860,Accipiter_nisus,1190649881,0,533365,533366,1190649881,10000,4300000,0,3810,8596190,0.5
203,Accipiter_nisus,1190649881,0,533365,533366,1190649881,10000,1015000,0,891,2029109,0.5
457,Accipiter_nisus,1190649881,0,533365,533366,1190649881,10000,2285000,0,2023,4567977,0.5
832,Accipiter_nisus,1190649881,0,533365,533366,1190649881,10000,4160000,0,3695,8316305,0.5
726,Accipiter_nisus,1190649881,0,533365,533366,1190649881,10000,3630000,0,3194,7256806,0.5
956,Accipiter_nisus,1190649881,0,533365,533366,1190649881,10000,4780000,0,4249,9555751,0.5
524,Accipiter_nisus,1190649881,0,533365,533366,1190649881,10000,2620000,0,2322,5237678,0.5
160,Accipiter_nisus,1190649881,0,533365,533366,1190649881,10000,800000,0,719,1599281,0.5
835,Accipiter_nisus,1190649881,0,533365,533366,1190649881,10000,4175000,0,3698,8346302,0.5
211,Accipiter_nisus,1190649881,0,533365,533366,1190649881,10000,1055000,0,928,2109072,0.5
20,Accipiter_nisus,1190649881,0,533365,533366,1190649881,10000,100000,0,108,199892,0.5
59,Accipiter_nisus,1190649881,0,533365,533366,1190649881,10000,295000,0,291,589709,0.5
427,Accipiter_nisus,1190649881,0,533365,533366,1190649881,10000,2135000,0,1880,4268120,0.5
527,Accipiter_nisus,1190649881,0,533365,533366,1190649881,10000,2635000,0,2329,5267671,0.5
820,Accipiter_nisus,1190649881,0,533365,533366,1190649881,10000,4100000,0,3625,8196375,0.5
676,Accipiter_nisus,1190649881,0,533365,533366,1190649881,10000,3380000,0,2996,6757004,0.5
495,Accipiter_nisus,1190649881,0,533365,533366,1190649881,10000,2475000,0,2188,4947812,0.5
681,Accipiter_nisus,1190649881,0,533365,533366,1190649881,10000,3405000,0,3008,6806992,0.5
212,Accipiter_nisus,1190649881,0,533365,533366,1190649881,10000,1060000,0,930,2119070,0.5
330,Accipiter_nisus,1190649881,0,533365,533366,1190649881,10000,1650000,0,1458,3298542,0.5
754,Accipiter_nisus,1190649881,0,533365,533366,1190649881,10000,3770000,0,3344,7536656,0.5
298,Accipiter_nisus,1190649881,0,533365,533366,1190649881,10000,1490000,0,1309,2978691,0.5
669,Accipiter_nisus,1190649881,0,533365,533366,1190649881,10000,3345000,0,2970,6687030,0.5
14,Accipiter_nisus,1190649881,0,533365,533366,1190649881,10000,70000,0,78,139922,0.5
54,Accipiter_nisus,1190649881,0,533365,533366,1190649881,10000,270000,0,270,539730,0.5
367,Accipiter_nisus,1190649881,0,533365,533366,1190649881,10000,1835000,0,1617,3668383,0.5
537,Accipiter_nisus,1190649881,0,533365,533366,1190649881,10000,2685000,0,2359,5367641,0.5
887,Accipiter_nisus,1190649881,0,533365,533366,1190649881,10000,4435000,0,3940,8866060,0.5
79,Accipiter_nisus,1190649881,0,533365,533366,1190649881,10000,395000,0,372,789628,0.5
6,Accipiter_nisus,1190649881,0,533365,533366,1190649881,10000,30000,0,32,59968,0.5
922,Accipiter_nisus,1190649881,0,533365,533366,1190649881,10000,4610000,0,4092,9215908,0.5
178,Accipiter_nisus,1190649881,0,533365,533366,1190649881,10000,890000,0,788,1779212,0.5
363,Accipiter_nisus,1190649881,0,533365,533366,1190649881,10000,1815000,0,1603,3628397,0.5
442,Accipiter_nisus,1190649881,0,533365,533366,1190649881,10000,2210000,0,1952,4418048,0.5
107,Accipiter_nisus,1190649881,0,533365,533366,1190649881,10000,535000,0,491,1069509,0.5
891,Accipiter_nisus,1190649881,0,533365,533366,1190649881,10000,4455000,0,3956,8906044,0.5
989,Accipiter_nisus,1190649881,0,533365,533366,1190649881,10000,4945000,0,4393,9885607,0.5
741,Accipiter_nisus,1190649881,0,533365,533366,1190649881,10000,3705000,0,3276,7406724,0.5
379,Accipiter_nisus,1190649881,0,533365,533366,1190649881,10000,1895000,0,1670,3788330,0.5
793,Accipiter_nisus,1190649881,0,533365,533366,1190649881,10000,3965000,0,3496,7926504,0.5
419,Accipiter_nisus,1190649881,0,533365,533366,1190649881,10000,2095000,0,1849,4188151,0.5
434,Accipiter_nisus,1190649881,0,533365,533366,1190649881,10000,2170000,0,1917,4338083,0.5
725,Accipiter_nisus,1190649881,0,533365,533366,1190649881,10000,3625000,0,3192,7246808,0.5
215,Accipiter_nisus,1190649881,0,533365,533366,1190649881,10000,1075000,0,945,2149055,0.5
409,Accipiter_nisus,1190649881,0,533365,533366,1190649881,10000,2045000,0,1813,4088187,0.5
904,Accipiter_nisus,1190649881,0,533365,533366,1190649881,10000,4520000,0,4012,9035988,0.5
418,Accipiter_nisus,1190649881,0,533365,533366,1190649881,10000,2090000,0,1849,4178151,0.5
883,Accipiter_nisus,1190649881,0,533365,533366,1190649881,10000,4415000,0,3919,8826081,0.5
385,Accipiter_nisus,1190649881,0,533365,533366,1190649881,10000,1925000,0,1699,3848301,0.5
133,Accipiter_nisus,1190649881,0,533365,533366,1190649881,10000,665000,0,598,1329402,0.5
439,Accipiter_nisus,1190649881,0,533365,533366,1190649881,10000,2195000,0,1939,4388061,0.5
166,Accipiter_nisus,1190649881,0,533365,533366,1190649881,10000,830000,0,741,1659259,0.5
261,Accipiter_nisus,1190649881,0,533365,533366,1190649881,10000,1305000,0,1149,2608851,0.5
952,Accipiter_nisus,1190649881,0,533365,533366,1190649881,10000,4760000,0,4229,9515771,0.5
45,Accipiter_nisus,1190649881,0,533365,533366,1190649881,10000,225000,0,227,449773,0.5
482,Accipiter_nisus,1190649881,0,533365,533366,1190649881,10000,2410000,0,2137,4817863,0.5
417,Accipiter_nisus,1190649881,0,533365,533366,1190649881,10000,2085000,0,1847,4168153,0.5
491,Accipiter_nisus,1190649881,0,533365,533366,1190649881,10000,2455000,0,2169,4907831,0.5
703,Accipiter_nisus,1190649881,0,533365,533366,1190649881,10000,3515000,0,3105,7026895,0.5
665,Accipiter_nisus,1190649881,0,533365,533366,1190649881,10000,3325000,0,2952,6647048,0.5
109,Accipiter_nisus,1190649881,0,533365,533366,1190649881,10000,545000,0,494,1089506,0.5
237,Accipiter_nisus,1190649881,0,533365,533366,1190649881,10000,1185000,0,1043,2368957,0.5
943,Accipiter_nisus,1190649881,0,533365,533366,1190649881,10000,4715000,0,4191,9425809,0.5
565,Accipiter_nisus,1190649881,0,533365,533366,1190649881,10000,2825000,0,2467,5647533,0.5
696,Accipiter_nisus,1190649881,0,533365,533366,1190649881,10000,3480000,0,3064,6956936,0.5
361,Accipiter_nisus,1190649881,0,533365,533366,1190649881,10000,1805000,0,1590,3608410,0.5
187,Accipiter_nisus,1190649881,0,533365,533366,1190649881,10000,935000,0,832,1869168,0.5
529,Accipiter_nisus,1190649881,0,533365,533366,1190649881,10000,2645000,0,2334,5287666,0.5
152,Accipiter_nisus,1190649881,0,533365,533366,1190649881,10000,760000,0,687,1519313,0.5
263,Accipiter_nisus,1190649881,0,533365,533366,1190649881,10000,1315000,0,1155,2628845,0.5
127,Accipiter_nisus,1190649881,0,533365,533366,1190649881,10000,635000,0,571,1269429,0.5
765,Accipiter_nisus,1190649881,0,533365,533366,1190649881,10000,3825000,0,3382,7646618,0.5
276,Accipiter_nisus,1190649881,0,533365,533366,1190649881,10000,1380000,0,1207,2758793,0.5
826,Accipiter_nisus,1190649881,0,533365,533366,1190649881,10000,4130000,0,3664,8256336,0.5
838,Accipiter_nisus,1190649881,0,533365,533366,1190649881,10000,4190000,0,3709,8376291,0.5
946,Accipiter_nisus,1190649881,0,533365,533366,1190649881,10000,4730000,0,4204,9455796,0.5
997,Accipiter_nisus,1190649881,0,533365,533366,1190649881,10000,4985000,0,4439,9965561,0.5
316,Accipiter_nisus,1190649881,0,533365,533366,1190649881,10000,1580000,0,1384,3158616,0.5
902,Accipiter_nisus,1190649881,0,533365,533366,1190649881,10000,4510000,0,4000,9016000,0.5
722,Accipiter_nisus,1190649881,0,533365,533366,1190649881,10000,3610000,0,3184,7216816,0.5
568,Accipiter_nisus,1190649881,0,533365,533366,1190649881,10000,2840000,0,2475,5677525,0.5
376,Accipiter_nisus,1190649881,0,533365,533366,1190649881,10000,1880000,0,1654,3758346,0.5
430,Accipiter_nisus,1190649881,0,533365,533366,1190649881,10000,2150000,0,1896,4298104,0.5
85,Accipiter_nisus,1190649881,0,533365,533366,1190649881,10000,425000,0,397,849603,0.5
364,Accipiter_nisus,1190649881,0,533365,533366,1190649881,10000,1820000,0,1603,3638397,0.5
510,Accipiter_nisus,1190649881,0,533365,533366,1190649881,10000,2550000,0,2261,5097739,0.5
695,Accipiter_nisus,1190649881,0,533365,533366,1190649881,10000,3475000,0,3058,6946942,0.5
173,Accipiter_nisus,1190649881,0,533365,533366,1190649881,10000,865000,0,770,1729230,0.5
655,Accipiter_nisus,1190649881,0,533365,533366,1190649881,10000,3275000,0,2893,6547107,0.5
773,Accipiter_nisus,1190649881,0,533365,533366,1190649881,10000,3865000,0,3410,7726590,0.5
355,Accipiter_nisus,1190649881,0,533365,533366,1190649881,10000,1775000,0,1556,3548444,0.5
551,Accipiter_nisus,1190649881,0,533365,533366,1190649881,10000,2755000,0,2403,5507597,0.5
647,Accipiter_nisus,1190649881,0,533365,533366,1190649881,10000,3235000,0,2865,6467135,0.5
865,Accipiter_nisus,1190649881,0,533365,533366,1190649881,10000,4325000,0,3833,8646167,0.5
552,Accipiter_nisus,1190649881,0,533365,533366,1190649881,10000,2760000,0,2408,5517592,0.5
423,Accipiter_nisus,1190649881,0,533365,533366,1190649881,10000,2115000,0,1865,4228135,0.5
615,Accipiter_nisus,1190649881,0,533365,533366,1190649881,10000,3075000,0,2710,6147290,0.5
698,Accipiter_nisus,1190649881,0,533365,533366,1190649881,10000,3490000,0,3079,6976921,0.5
285,Accipiter_nisus,1190649881,0,533365,533366,1190649881,10000,1425000,0,1250,2848750,0.5
621,Accipiter_nisus,1190649881,0,533365,533366,1190649881,10000,3105000,0,2743,6207257,0.5
640,Accipiter_nisus,1190649881,0,533365,533366,1190649881,10000,3200000,0,2836,6397164,0.5
867,Accipiter_nisus,1190649881,0,533365,533366,1190649881,10000,4335000,0,3845,8666155,0.5
108,Accipiter_nisus,1190649881,0,533365,533366,1190649881,10000,540000,0,493,1079507,0.5
686,Accipiter_nisus,1190649881,0,533365,533366,1190649881,10000,3430000,0,3024,6856976,0.5
960,Accipiter_nisus,1190649881,0,533365,533366,1190649881,10000,4800000,0,4272,9595728,0.5
694,Accipiter_nisus,1190649881,0,533365,533366,1190649881,10000,3470000,0,3057,6936943,0.5
644,Accipiter_nisus,1190649881,0,533365,533366,1190649881,10000,3220000,0,2856,6437144,0.5
724,Accipiter_nisus,1190649881,0,533365,533366,1190649881,10000,3620000,0,3188,7236812,0.5
795,Accipiter_nisus,1190649881,0,533365,533366,1190649881,10000,3975000,0,3505,7946495,0.5
854,Accipiter_nisus,1190649881,0,533365,533366,1190649881,10000,4270000,0,3780,8536220,0.5
214,Accipiter_nisus,1190649881,0,533365,533366,1190649881,10000,1070000,0,940,2139060,0.5
745,Accipiter_nisus,1190649881,0,533365,533366,1190649881,10000,3725000,0,3298,7446702,0.5
641,Accipiter_nisus,1190649881,0,533365,533366,1190649881,10000,3205000,0,2840,6407160,0.5
782,Accipiter_nisus,1190649881,0,533365,533366,1190649881,10000,3910000,0,3447,7816553,0.5
2,Accipiter_nisus,1190649881,0,533365,533366,1190649881,10000,10000,0,10,19990,0.5
598,Accipiter_nisus,1190649881,0,533365,533366,1190649881,10000,2990000,0,2632,5977368,0.5
657,Accipiter_nisus,1190649881,0,533365,533366,1190649881,10000,3285000,0,2901,6567099,0.5
829,Accipiter_nisus,1190649881,0,533365,533366,1190649881,10000,4145000,0,3681,8286319,0.5
41,Accipiter_nisus,1190649881,0,533365,533366,1190649881,10000,205000,0,211,409789,0.5
550,Accipiter_nisus,1190649881,0,533365,533366,1190649881,10000,2750000,0,2397,5497603,0.5
813,Accipiter_nisus,1190649881,0,533365,533366,1190649881,10000,4065000,0,3577,8126423,0.5
969,Accipiter_nisus,1190649881,0,533365,533366,1190649881,10000,4845000,0,4314,9685686,0.5
864,Accipiter_nisus,1190649881,0,533365,533366,1190649881,10000,4320000,0,3831,8636169,0.5
701,Accipiter_nisus,1190649881,0,533365,533366,1190649881,10000,3505000,0,3093,7006907,0.5
324,Accipiter_nisus,1190649881,0,533365,533366,1190649881,10000,1620000,0,1424,3238576,0.5
489,Accipiter_nisus,1190649881,0,533365,533366,1190649881,10000,2445000,0,2164,4887836,0.5
575,Accipiter_nisus,1190649881,0,533365,533366,1190649881,10000,2875000,0,2518,5747482,0.5
721,Accipiter_nisus,1190649881,0,533365,533366,1190649881,10000,3605000,0,3178,7206822,0.5
329,Accipiter_nisus,1190649881,0,533365,533366,1190649881,10000,1645000,0,1444,3288556,0.5
791,Accipiter_nisus,1190649881,0,533365,533366,1190649881,10000,3955000,0,3491,7906509,0.5
155,Accipiter_nisus,1190649881,0,533365,533366,1190649881,10000,775000,0,702,1549298,0.5
521,Accipiter_nisus,1190649881,0,533365,533366,1190649881,10000,2605000,0,2307,5207693,0.5
634,Accipiter_nisus,1190649881,0,533365,533366,1190649881,10000,3170000,0,2804,6337196,0.5
405,Accipiter_nisus,1190649881,0,533365,533366,1190649881,10000,2025000,0,1791,4048209,0.5
478,Accipiter_nisus,1190649881,0,533365,533366,1190649881,10000,2390000,0,2123,4777877,0.5
336,Accipiter_nisus,1190649881,0,533365,533366,1190649881,10000,1680000,0,1472,3358528,0.5
243,Accipiter_nisus,1190649881,0,533365,533366,1190649881,10000,1215000,0,1070,2428930,0.5
890,Accipiter_nisus,1190649881,0,533365,533366,1190649881,10000,4450000,0,3951,8896049,0.5
331,Accipiter_nisus,1190649881,0,533365,533366,1190649881,10000,1655000,0,1462,3308538,0.5
259,Accipiter_nisus,1190649881,0,533365,533366,1190649881,10000,1295000,0,1139,2588861,0.5
673,Accipiter_nisus,1190649881,0,533365,533366,1190649881,10000,3365000,0,2984,6727016,0.5
931,Accipiter_nisus,1190649881,0,533365,533366,1190649881,10000,4655000,0,4134,9305866,0.5
15,Accipiter_nisus,1190649881,0,533365,533366,1190649881,10000,75000,0,80,149920,0.5
407,Accipiter_nisus,1190649881,0,533365,533366,1190649881,10000,2035000,0,1801,4068199,0.5
672,Accipiter_nisus,1190649881,0,533365,533366,1190649881,10000,3360000,0,2984,6717016,0.5
1,Accipiter_nisus,1190649881,0,533365,533366,1190649881,10000,5000,0,3,9997,0.5
342,Accipiter_nisus,1190649881,0,533365,533366,1190649881,10000,1710000,0,1498,3418502,0.5
705,Accipiter_nisus,1190649881,0,533365,533366,1190649881,10000,3525000,0,3115,7046885,0.5
205,Accipiter_nisus,1190649881,0,533365,533366,1190649881,10000,1025000,0,901,2049099,0.5
923,Accipiter_nisus,1190649881,0,533365,533366,1190649881,10000,4615000,0,4096,9225904,0.5
433,Accipiter_nisus,1190649881,0,533365,533366,1190649881,10000,2165000,0,1911,4328089,0.5
177,Accipiter_nisus,1190649881,0,533365,533366,1190649881,10000,885000,0,784,1769216,0.5
873,Accipiter_nisus,1190649881,0,533365,533366,1190649881,10000,4365000,0,3876,8726124,0.5
179,Accipiter_nisus,1190649881,0,533365,533366,1190649881,10000,895000,0,789,1789211,0.5
264,Accipiter_nisus,1190649881,0,533365,533366,1190649881,10000,1320000,0,1160,2638840,0.5
509,Accipiter_nisus,1190649881,0,533365,533366,1190649881,10000,2545000,0,2257,5087743,0.5
332,Accipiter_nisus,1190649881,0,533365,533366,1190649881,10000,1660000,0,1462,3318538,0.5
706,Accipiter_nisus,1190649881,0,533365,533366,1190649881,10000,3530000,0,3119,7056881,0.5
736,Accipiter_nisus,1190649881,0,533365,533366,1190649881,10000,3680000,0,3244,7356756,0.5
818,Accipiter_nisus,1190649881,0,533365,533366,1190649881,10000,4090000,0,3617,8176383,0.5
932,Accipiter_nisus,1190649881,0,533365,533366,1190649881,10000,4660000,0,4140,9315860,0.5
86,Accipiter_nisus,1190649881,0,533365,533366,1190649881,10000,430000,0,401,859599,0.5
625,Accipiter_nisus,1190649881,0,533365,533366,1190649881,10000,3125000,0,2763,6247237,0.5
639,Accipiter_nisus,1190649881,0,533365,533366,1190649881,10000,3195000,0,2833,6387167,0.5
274,Accipiter_nisus,1190649881,0,533365,533366,1190649881,10000,1370000,0,1196,2738804,0.5
25,Accipiter_nisus,1190649881,0,533365,533366,1190649881,10000,125000,0,134,249866,0.5
153,Accipiter_nisus,1190649881,0,533365,533366,1190649881,10000,765000,0,693,1529307,0.5
102,Accipiter_nisus,1190649881,0,533365,533366,1190649881,10000,510000,0,473,1019527,0.5
347,Accipiter_nisus,1190649881,0,533365,533366,1190649881,10000,1735000,0,1519,3468481,0.5
349,Accipiter_nisus,1190649881,0,533365,533366,1190649881,10000,1745000,0,1529,3488471,0.5
356,Accipiter_nisus,1190649881,0,533365,533366,1190649881,10000,1780000,0,1562,3558438,0.5
775,Accipiter_nisus,1190649881,0,533365,533366,1190649881,10000,3875000,0,3424,7746576,0.5
57,Accipiter_nisus,1190649881,0,533365,533366,1190649881,10000,285000,0,284,569716,0.5
898,Accipiter_nisus,1190649881,0,533365,533366,1190649881,10000,4490000,0,3978,8976022,0.5
267,Accipiter_nisus,1190649881,0,533365,533366,1190649881,10000,1335000,0,1172,2668828,0.5
983,Accipiter_nisus,1190649881,0,533365,533366,1190649881,10000,4915000,0,4372,9825628,0.5
458,Accipiter_nisus,1190649881,0,533365,533366,1190649881,10000,2290000,0,2025,4577975,0.5
955,Accipiter_nisus,1190649881,0,533365,533366,1190649881,10000,4775000,0,4242,9545758,0.5
761,Accipiter_nisus,1190649881,0,533365,533366,1190649881,10000,3805000,0,3372,7606628,0.5
733,Accipiter_nisus,1190649881,0,533365,533366,1190649881,10000,3665000,0,3230,7326770,0.5
338,Accipiter_nisus,1190649881,0,533365,533366,1190649881,10000,1690000,0,1479,3378521,0.5
497,Accipiter_nisus,1190649881,0,533365,533366,1190649881,10000,2485000,0,2197,4967803,0.5
583,Accipiter_nisus,1190649881,0,533365,533366,1190649881,10000,2915000,0,2560,5827440,0.5
369,Accipiter_nisus,1190649881,0,533365,533366,1190649881,10000,1845000,0,1625,3688375,0.5
470,Accipiter_nisus,1190649881,0,533365,533366,1190649881,10000,2350000,0,2081,4697919,0.5
886,Accipiter_nisus,1190649881,0,533365,533366,1190649881,10000,4430000,0,3939,8856061,0.5
443,Accipiter_nisus,1190649881,0,533365,533366,1190649881,10000,2215000,0,1957,4428043,0.5
94,Accipiter_nisus,1190649881,0,533365,533366,1190649881,10000,470000,0,440,939560,0.5
58,Accipiter_nisus,1190649881,0,533365,533366,1190649881,10000,290000,0,289,579711,0.5
751,Accipiter_nisus,1190649881,0,533365,533366,1190649881,10000,3755000,0,3330,7506670,0.5
957,Accipiter_nisus,1190649881,0,533365,533366,1190649881,10000,4785000,0,4254,9565746,0.5
293,Accipiter_nisus,1190649881,0,533365,533366,1190649881,10000,1465000,0,1287,2928713,0.5
50,Accipiter_nisus,1190649881,0,533365,533366,1190649881,10000,250000,0,254,499746,0.5
27,Accipiter_nisus,1190649881,0,533365,533366,1190649881,10000,135000,0,147,269853,0.5
413,Accipiter_nisus,1190649881,0,533365,533366,1190649881,10000,2065000,0,1829,4128171,0.5
534,Accipiter_nisus,1190649881,0,533365,533366,1190649881,10000,2670000,0,2351,5337649,0.5
167,Accipiter_nisus,1190649881,0,533365,533366,1190649881,10000,835000,0,745,1669255,0.5
555,Accipiter_nisus,1190649881,0,533365,533366,1190649881,10000,2775000,0,2416,5547584,0.5
617,Accipiter_nisus,1190649881,0,533365,533366,1190649881,10000,3085000,0,2722,6167278,0.5
802,Accipiter_nisus,1190649881,0,533365,533366,1190649881,10000,4010000,0,3531,8016469,0.5
786,Accipiter_nisus,1190649881,0,533365,533366,1190649881,10000,3930000,0,3468,7856532,0.5
191,Accipiter_nisus,1190649881,0,533365,533366,1190649881,10000,955000,0,848,1909152,0.5
582,Accipiter_nisus,1190649881,0,533365,533366,1190649881,10000,2910000,0,2555,5817445,0.5
561,Accipiter_nisus,1190649881,0,533365,533366,1190649881,10000,2805000,0,2449,5607551,0.5
618,Accipiter_nisus,1190649881,0,533365,533366,1190649881,10000,3090000,0,2727,6177273,0.5
60,Accipiter_nisus,1190649881,0,533365,533366,1190649881,10000,300000,0,295,599705,0.5
128,Accipiter_nisus,1190649881,0,533365,533366,1190649881,10000,640000,0,577,1279423,0.5
668,Accipiter_nisus,1190649881,0,533365,533366,1190649881,10000,3340000,0,2967,6677033,0.5
819,Accipiter_nisus,1190649881,0,533365,533366,1190649881,10000,4095000,0,3619,8186381,0.5
525,Accipiter_nisus,1190649881,0,533365,533366,1190649881,10000,2625000,0,2323,5247677,0.5
119,Accipiter_nisus,1190649881,0,533365,533366,1190649881,10000,595000,0,539,1189461,0.5
844,Accipiter_nisus,1190649881,0,533365,533366,1190649881,10000,4220000,0,3737,8436263,0.5
143,Accipiter_nisus,1190649881,0,533365,533366,1190649881,10000,715000,0,639,1429361,0.5
78,Accipiter_nisus,1190649881,0,533365,533366,1190649881,10000,390000,0,370,779630,0.5
139,Accipiter_nisus,1190649881,0,533365,533366,1190649881,10000,695000,0,625,1389375,0.5
530,Accipiter_nisus,1190649881,0,533365,533366,1190649881,10000,2650000,0,2337,5297663,0.5
204,Accipiter_nisus,1190649881,0,533365,533366,1190649881,10000,1020000,0,896,2039104,0.5
10,Accipiter_nisus,1190649881,0,533365,533366,1190649881,10000,50000,0,53,99947,0.5
704,Accipiter_nisus,1190649881,0,533365,533366,1190649881,10000,3520000,0,3111,7036889,0.5
682,Accipiter_nisus,1190649881,0,533365,533366,1190649881,10000,3410000,0,3011,6816989,0.5
453,Accipiter_nisus,1190649881,0,533365,533366,1190649881,10000,2265000,0,1999,4528001,0.5
541,Accipiter_nisus,1190649881,0,533365,533366,1190649881,10000,2705000,0,2369,5407631,0.5
462,Accipiter_nisus,1190649881,0,533365,533366,1190649881,10000,2310000,0,2041,4617959,0.5
737,Accipiter_nisus,1190649881,0,533365,533366,1190649881,10000,3685000,0,3253,7366747,0.5
553,Accipiter_nisus,1190649881,0,533365,533366,1190649881,10000,2765000,0,2410,5527590,0.5
888,Accipiter_nisus,1190649881,0,533365,533366,1190649881,10000,4440000,0,3944,8876056,0.5
440,Accipiter_nisus,1190649881,0,533365,533366,1190649881,10000,2200000,0,1943,4398057,0.5
360,Accipiter_nisus,1190649881,0,533365,533366,1190649881,10000,1800000,0,1586,3598414,0.5
548,Accipiter_nisus,1190649881,0,533365,533366,1190649881,10000,2740000,0,2391,5477609,0.5
560,Accipiter_nisus,1190649881,0,533365,533366,1190649881,10000,2800000,0,2440,5597560,0.5
720,Accipiter_nisus,1190649881,0,533365,533366,1190649881,10000,3600000,0,3175,7196825,0.5
571,Accipiter_nisus,1190649881,0,533365,533366,1190649881,10000,2855000,0,2494,5707506,0.5
76,Accipiter_nisus,1190649881,0,533365,533366,1190649881,10000,380000,0,362,759638,0.5
588,Accipiter_nisus,1190649881,0,533365,533366,1190649881,10000,2940000,0,2578,5877422,0.5
150,Accipiter_nisus,1190649881,0,533365,533366,1190649881,10000,750000,0,671,1499329,0.5
232,Accipiter_nisus,1190649881,0,533365,533366,1190649881,10000,1160000,0,1020,2318980,0.5
610,Accipiter_nisus,1190649881,0,533365,533366,1190649881,10000,3050000,0,2693,6097307,0.5
378,Accipiter_nisus,1190649881,0,533365,533366,1190649881,10000,1890000,0,1665,3778335,0.5
659,Accipiter_nisus,1190649881,0,533365,533366,1190649881,10000,3295000,0,2910,6587090,0.5
383,Accipiter_nisus,1190649881,0,533365,533366,1190649881,10000,1915000,0,1689,3828311,0.5
21,Accipiter_nisus,1190649881,0,533365,533366,1190649881,10000,105000,0,111,209889,0.5
16,Accipiter_nisus,1190649881,0,533365,533366,1190649881,10000,80000,0,87,159913,0.5
197,Accipiter_nisus,1190649881,0,533365,533366,1190649881,10000,985000,0,871,1969129,0.5
266,Accipiter_nisus,1190649881,0,533365,533366,1190649881,10000,1330000,0,1169,2658831,0.5
781,Accipiter_nisus,1190649881,0,533365,533366,1190649881,10000,3905000,0,3444,7806556,0.5
866,Accipiter_nisus,1190649881,0,533365,533366,1190649881,10000,4330000,0,3837,8656163,0.5
98,Accipiter_nisus,1190649881,0,533365,533366,1190649881,10000,490000,0,455,979545,0.5
966,Accipiter_nisus,1190649881,0,533365,533366,1190649881,10000,4830000,0,4305,9655695,0.5
251,Accipiter_nisus,1190649881,0,533365,533366,1190649881,10000,1255000,0,1112,2508888,0.5
306,Accipiter_nisus,1190649881,0,533365,533366,1190649881,10000,1530000,0,1345,3058655,0.5
973,Accipiter_nisus,1190649881,0,533365,533366,1190649881,10000,4865000,0,4333,9725667,0.5
847,Accipiter_nisus,1190649881,0,533365,533366,1190649881,10000,4235000,0,3748,8466252,0.5
559,Accipiter_nisus,1190649881,0,533365,533366,1190649881,10000,2795000,0,2433,5587567,0.5
774,Accipiter_nisus,1190649881,0,533365,533366,1190649881,10000,3870000,0,3416,7736584,0.5
764,Accipiter_nisus,1190649881,0,533365,533366,1190649881,10000,3820000,0,3379,7636621,0.5
90,Accipiter_nisus,1190649881,0,533365,533366,1190649881,10000,450000,0,424,899576,0.5
315,Accipiter_nisus,1190649881,0,533365,533366,1190649881,10000,1575000,0,1380,3148620,0.5
465,Accipiter_nisus,1190649881,0,533365,533366,1190649881,10000,2325000,0,2061,4647939,0.5
563,Accipiter_nisus,1190649881,0,533365,533366,1190649881,10000,2815000,0,2460,5627540,0.5
811,Accipiter_nisus,1190649881,0,533365,533366,1190649881,10000,4055000,0,3569,8106431,0.5
99,Accipiter_nisus,1190649881,0,533365,533366,1190649881,10000,495000,0,461,989539,0.5
333,Accipiter_nisus,1190649881,0,533365,533366,1190649881,10000,1665000,0,1464,3328536,0.5
593,Accipiter_nisus,1190649881,0,533365,533366,1190649881,10000,2965000,0,2606,5927394,0.5
138,Accipiter_nisus,1190649881,0,533365,533366,1190649881,10000,690000,0,620,1379380,0.5
460,Accipiter_nisus,1190649881,0,533365,533366,1190649881,10000,2300000,0,2033,4597967,0.5
557,Accipiter_nisus,1190649881,0,533365,533366,1190649881,10000,2785000,0,2425,5567575,0.5
607,Accipiter_nisus,1190649881,0,533365,533366,1190649881,10000,3035000,0,2680,6067320,0.5
719,Accipiter_nisus,1190649881,0,533365,533366,1190649881,10000,3595000,0,3173,7186827,0.5
871,Accipiter_nisus,1190649881,0,533365,533366,1190649881,10000,4355000,0,3867,8706133,0.5
136,Accipiter_nisus,1190649881,0,533365,533366,1190649881,10000,680000,0,614,1359386,0.5
959,Accipiter_nisus,1190649881,0,533365,533366,1190649881,10000,4795000,0,4264,9585736,0.5
691,Accipiter_nisus,1190649881,0,533365,533366,1190649881,10000,3455000,0,3046,6906954,0.5
798,Accipiter_nisus,1190649881,0,533365,533366,1190649881,10000,3990000,0,3516,7976484,0.5
927,Accipiter_nisus,1190649881,0,533365,533366,1190649881,10000,4635000,0,4118,9265882,0.5
972,Accipiter_nisus,1190649881,0,533365,533366,1190649881,10000,4860000,0,4329,9715671,0.5
917,Accipiter_nisus,1190649881,0,533365,533366,1190649881,10000,4585000,0,4072,9165928,0.5
591,Accipiter_nisus,1190649881,0,533365,533366,1190649881,10000,2955000,0,2594,5907406,0.5
375,Accipiter_nisus,1190649881,0,533365,533366,1190649881,10000,1875000,0,1649,3748351,0.5
730,Accipiter_nisus,1190649881,0,533365,533366,1190649881,10000,3650000,0,3214,7296786,0.5
74,Accipiter_nisus,1190649881,0,533365,533366,1190649881,10000,370000,0,352,739648,0.5
190,Accipiter_nisus,1190649881,0,533365,533366,1190649881,10000,950000,0,843,1899157,0.5
403,Accipiter_nisus,1190649881,0,533365,533366,1190649881,10000,2015000,0,1784,4028216,0.5
760,Accipiter_nisus,1190649881,0,533365,533366,1190649881,10000,3800000,0,3369,7596631,0.5
766,Accipiter_nisus,1190649881,0,533365,533366,1190649881,10000,3830000,0,3384,7656616,0.5
36,Accipiter_nisus,1190649881,0,533365,533366,1190649881,10000,180000,0,187,359813,0.5
806,Accipiter_nisus,1190649881,0,533365,533366,1190649881,10000,4030000,0,3549,8056451,0.5
938,Accipiter_nisus,1190649881,0,533365,533366,1190649881,10000,4690000,0,4165,9375835,0.5
915,Accipiter_nisus,1190649881,0,533365,533366,1190649881,10000,4575000,0,4068,9145932,0.5
702,Accipiter_nisus,1190649881,0,533365,533366,1190649881,10000,3510000,0,3100,7016900,0.5
92,Accipiter_nisus,1190649881,0,533365,533366,1190649881,10000,460000,0,432,919568,0.5
477,Accipiter_nisus,1190649881,0,533365,533366,1190649881,10000,2385000,0,2117,4767883,0.5
717,Accipiter_nisus,1190649881,0,533365,533366,1190649881,10000,3585000,0,3172,7166828,0.5
262,Accipiter_nisus,1190649881,0,533365,533366,1190649881,10000,1310000,0,1152,2618848,0.5
926,Accipiter_nisus,1190649881,0,533365,533366,1190649881,10000,4630000,0,4112,9255888,0.5
645,Accipiter_nisus,1190649881,0,533365,533366,1190649881,10000,3225000,0,2860,6447140,0.5
116,Accipiter_nisus,1190649881,0,533365,533366,1190649881,10000,580000,0,526,1159474,0.5
265,Accipiter_nisus,1190649881,0,533365,533366,1190649881,10000,1325000,0,1164,2648836,0.5
320,Accipiter_nisus,1190649881,0,533365,533366,1190649881,10000,1600000,0,1404,3198596,0.5
354,Accipiter_nisus,1190649881,0,533365,533366,1190649881,10000,1770000,0,1547,3538453,0.5
469,Accipiter_nisus,1190649881,0,533365,533366,1190649881,10000,2345000,0,2078,4687922,0.5
554,Accipiter_nisus,1190649881,0,533365,533366,1190649881,10000,2770000,0,2414,5537586,0.5
424,Accipiter_nisus,1190649881,0,533365,533366,1190649881,10000,2120000,0,1868,4238132,0.5
586,Accipiter_nisus,1190649881,0,533365,533366,1190649881,10000,2930000,0,2572,5857428,0.5
46,Accipiter_nisus,1190649881,0,533365,533366,1190649881,10000,230000,0,232,459768,0.5
37,Accipiter_nisus,1190649881,0,533365,533366,1190649881,10000,185000,0,195,369805,0.5
181,Accipiter_nisus,1190649881,0,533365,533366,1190649881,10000,905000,0,802,1809198,0.5
716,Accipiter_nisus,1190649881,0,533365,533366,1190649881,10000,3580000,0,3169,7156831,0.5
