Species,Genome_size,Positive Strand Range,Negative Strand Range,Average Range,Exon_to_genome_ratio
Accipiter_nisus.Accipiter_nisus_ver1.0.112,1190649881,507389,559342,533365,0.00044796124243681
Ailuropoda_melanoleuca.ASM200744v2.112,2444060653,21311117,21448659,21379888,0.00874769125461634
Amazona_collaria.ASM394721v1.112,1258720284,10326052,9915899,10120975,0.00804068634521186
Amphilophus_citrinellus.Midas_v5.112,844902565,3522304,3498842,3510573,0.00415500336420449
Amphiprion_ocellaris.ASM2253959v1.112,863484803,23552001,23694595,23623298,0.0273580935274434
Amphiprion_percula.Nemo_v1.112,908939294,22441141,22388183,22414662,0.024660240951141
Anabas_testudineus.fAnaTes1.3.112,555641398,18885927,18981806,18933866,0.0340756935465057
Anas_platyrhynchos.ASM874695v1.112,1211992756,16453000,15996141,16224570,0.0133866889217612
Anas_platyrhynchos_platyrhynchos.CAU_duck1.0.112,1136415614,17291826,17238983,17265404,0.0151928605936947
Anas_zonorhyncha.ASM222487v1.112,1310797575,5286412,5189916,5238164,0.00399616546437386
Anolis_carolinensis.AnoCar2.0v2.112,1799143587,16365155,16243869,16304512,0.0090623739638186
Anser_brachyrhynchus.ASM259213v1.112,1116992394,7755102,7857513,7806307,0.00698868411453122
Anser_cygnoides.GooseV1.0.112,1130276682,7392327,7278274,7335300,0.00648982688647557
Aotus_nancymaae.Anan_2.0.112,2861668348,10705467,10877971,10791719,0.00377112847739405
Apteryx_haastii.aptHaa1.112,1221441152,3586187,3499725,3542956,0.0029006358547841
Apteryx_owenii.aptOwe1.112,1231276503,4424505,4395359,4409932,0.00358159356509705
Apteryx_rowi.aptRow1.112,1228902913,4703474,4596028,4649751,0.00378366016616318
Astatotilapia_calliptera.fAstCal1.3.112,880428986,26940183,27300632,27120407,0.0308036280395702
Astyanax_mexicanus.Astyanax_mexicanus-2.0.112,1335239194,22474980,22035336,22255158,0.016667543987628
Astyanax_mexicanus_pachon.Astyanax_mexicanus-1.0.2.112,1191242572,4968923,4892319,4930621,0.00413905707862832
Athene_cunicularia.athCun1.112,1157069330,12850917,13276425,13063671,0.011290309630798
Balaenoptera_musculus.mBalMus1.v2.112,2379995981,20438929,20358537,20398733,0.00857091069180255
Betta_splendens.fBetSpl5.2.112,441371523,17378662,17031816,17205239,0.0389813073644989
Bison_bison_bison.Bison_UMD1.0.112,2953622319,8417535,8495250,8456392,0.00286305799682034
Bos_grunniens.LU_Bosgru_v3.0.112,2832776395,22670186,22707629,22688907,0.00800942391360191
Bos_indicus_hybrid.UOA_Brahman_1.112,2680953056,30656934,30338299,30497616,0.01137566207351
Bos_mutus.BosGru_v2.0.112,2645161911,3375527,3391635,3383581,0.00127915837058188
Bos_taurus.ARS-UCD1.3.112,2711209831,36468062,36374117,36421089,0.0134335190819836
Bos_taurus_hybrid.UOA_Angus_1.112,2580764822,29352153,28917828,29134990,0.0112892851574989
Bubo_bubo.BubBub1.0.112,1258069325,7879528,7838956,7859242,0.00624706591586278
Buteo_japonicus.ButJap1.0.112,1259715124,7303162,7330547,7316854,0.00580834020374911
Caenorhabditis_elegans.WBcel235.112,100286401,11625531,11307748,11466639,0.114338922183477
Cairina_moschata_domestica.CaiMos1.0.112,1109207201,15756422,15284993,15520707,0.0139926129094793
Calidris_pugnax.ASM143184v1.112,1229094286,10181534,10042728,10112131,0.00822730291335843
Calidris_pygmaea.ASM369795v1.112,1178350366,5930643,5818881,5874762,0.00498558168224815
Callithrix_jacchus.mCalJac1.pat.X.112,2829711198,29470923,28316492,28893707,0.0102108324766222
Callorhinchus_milii.Callorhinchus_milii-6.1.3.112,974498586,7678633,7751091,7714862,0.00791675032763978
Camarhynchus_parvulus.Camarhynchus_parvulus_V1.1.112,1064016364,15824210,14968937,15396573,0.0144702407979131
Camelus_dromedarius.CamDro2.112,2154386959,20093891,20180400,20137145,0.00934704181896229
Canis_lupus_dingo.ASM325472v1.112,2439831507,16029284,15807694,15918489,0.00652442144235331
Canis_lupus_familiarisbasenji.Basenji_breed-1.1.112,2410429933,20757901,20454855,20606378,0.00854883924145162
Canis_lupus_familiarisboxer.Dog10K_Boxer_Tasha.112,2312785471,31228262,31418876,31323569,0.0135436552126282
Canis_lupus_familiarisgreatdane.UMICH_Zoey_3.1.112,2343202000,21249685,20960064,21104874,0.00900685216212687
Canis_lupus_familiarisgsd.UU_Cfam_GSD_1.0.112,2481983352,31968403,32299626,32134014,0.0129469095649277
Canis_lupus_familiaris.ROS_Cfam_1.0.112,2396858295,31127477,31437255,31282366,0.013051404025535
Capra_hircus.ARS1.112,2922813246,22501328,23044282,22772805,0.00779139927300028
Capra_hircus_blackbengal.CVASU_BBG_1.0.112,3041623660,32918314,31064362,31991338,0.0105178488781219
Carassius_auratus.ASM336829v1.112,1820635050,25068928,24811916,24940422,0.013698748686619
Carlito_syrichta.Tarsius_syrichta-2.0.1.112,3453864774,1459298,1425224,1442261,0.000417578884632963
Castor_canadensis.C.can_genome_v1.0.112,2518306565,1772900,1740416,1756658,0.000697555263689669
Catagonus_wagneri.CatWag_v2_BIUU_UCD.112,2640067814,12594820,12768998,12681909,0.00480363001766439
Catharus_ustulatus.bCatUst1.pri.112,1131616430,13831491,13959260,13895375,0.0122792269815312
Cavia_aperea.CavAp1.0.112,2716396567,9140788,9155039,9147913,0.00336766476262448
Cavia_porcellus.Cavpor3.0.112,2723219641,18294770,18208038,18251404,0.00670214173150494
Cebus_imitator.Cebus_imitator-1.0.112,2717703182,9001957,9065583,9033770,0.00332404585601284
Cercocebus_atys.Caty_1.0.112,2848246356,15431959,15404061,15418010,0.00541315886089735
Cervus_hanglu_yarkandensis.CEY_v1.112,2594114534,22540207,21867609,22203908,0.00855933988610851
Chelonoidis_abingdonii.ASM359739v1.112,2300739315,3526084,3528087,3527085,0.00153302244065838
Chelydra_serpentina.Chelydra_serpentina-1.0.112,2401360239,12882128,13081490,12981809,0.00540602313187547
Chinchilla_lanigera.ChiLan1.0.112,2390868971,18307182,18212484,18259833,0.00763732066519843
Chlorocebus_sabaeus.ChlSab1.1.112,2789656328,23115363,22928533,23021948,0.00825261082124235
Choloepus_hoffmanni.choHof1.112,2467493193,280880,267568,274224,0.000111134653087572
Chrysemys_picta_bellii.Chrysemys_picta_bellii-3.0.3.112,2365766571,11444160,11324370,11384265,0.00481208295845854
Chrysolophus_pictus.Chrysolophus_pictus_GenomeV1.0.112,1023990748,3480184,3515946,3498065,0.00341610996664982
Ciona_intestinalis.KH.112,115227500,5038927,4823791,4931359,0.0427967195330976
Ciona_savignyi.CSAV2.0.112,177003750,3100449,3067555,3084002,0.0174233709737788
Clupea_harengus.Ch_v2.0.2v2.112,786325606,22077709,22003615,22040662,0.0280299431073087
Colobus_angolensis_palliatus.Cang.pa_1.0.112,2970124662,10350444,10311124,10330784,0.00347823245676279
Corvus_moneduloides.bCorMon1.pri.112,1112734094,15963103,16170264,16066683,0.0144389239860929
Cottoperca_gobio.fCotGob3.1.112,609391784,18566550,18397228,18481889,0.0303284184087392
Coturnix_japonica.Coturnix_japonica_2.0.112,927656957,15995271,15847658,15921464,0.0171630944821341
Cricetulus_griseus_chok1gshd.CHOK1GS_HDv1.112,2358167390,19521268,19279967,19400617,0.00822698892464966
Cricetulus_griseus_crigri.CriGri_1.0.112,2399786748,3605211,3582010,3593610,0.00149747055774641
Cricetulus_griseus_picr.CriGri-PICRH-1.0.112,2366634374,38718870,38401241,38560055,0.0162932033032323
Crocodylus_porosus.CroPor_comp1.112,2049536252,15437887,15525598,15481742,0.00755377807291403
Cyanistes_caeruleus.cyaCae2.112,1186980630,12987821,12513987,12750904,0.0107423016667087
Cyclopterus_lumpus.fCycLum1.pri.112,572885595,15585261,15645352,15615306,0.0272572851129203
Cynoglossus_semilaevis.Cse_v1.0.112,470199494,17538839,16856136,17197487,0.0365748734727477
Cyprinodon_variegatus.C_variegatus-1.0.112,1035184475,2612294,2597975,2605134,0.00251658913257949
Cyprinus_carpio_carpio.Cypcar_WagV4.0.112,1460365368,32462000,31851887,32156943,0.0220197929262316
Cyprinus_carpio_germanmirror.German_Mirror_carp_1.0.112,1414711435,8947031,8949381,8948206,0.00632511039256568
Cyprinus_carpio_hebaored.Hebao_red_carp_1.0.112,1457977772,4293720,4175181,4234450,0.00290433097220086
Cyprinus_carpio_huanghe.Hunaghe_carp_2.0.112,1423633724,6093706,6305687,6199696,0.00435483923672491
Danio_rerio.GRCz11.112,1373471384,28043473,28393557,28218515,0.0205453971074508
Dasypus_novemcinctus.Dasnov3.0.112,3631522711,4548947,4438193,4493570,0.00123737901635279
Delphinapterus_leucas.ASM228892v3.112,2362774659,16280061,16462657,16371359,0.00692887023214007
Denticeps_clupeoides.fDenClu1.2.112,567401054,18508919,18643380,18576149,0.0327390103861175
Dicentrarchus_labrax.dlabrax2021.112,695892153,24451823,24539359,24495591,0.0352002690278935
Dipodomys_ordii.Dord_2.0.112,2236368823,10860588,10527388,10693988,0.0047818534626388
Dromaius_novaehollandiae.droNov1.112,1192237364,5442314,5382370,5412342,0.00453965138438657
Drosophila_melanogaster.BDGP6.46.112,143726002,16598852,16533052,16565952,0.115260647130503
Echeneis_naucrates.fEcheNa1.1.112,544212633,15926572,16135382,16030977,0.0294571938024085
Echinops_telfairi.TENREC.112,3833584941,575968,586353,581160,0.000151597006182
Electrophorus_electricus.fEleEle1.pri.112,589358956,16490779,16590297,16540538,0.0280653035499133
Eptatretus_burgeri.Eburgeri_3.2.112,2608383542,5282246,5181446,5231846,0.00200578094277824
Equus_asinus.ASM1607732v2.112,2431907375,34344642,34599268,34471955,0.0141748634649377
Equus_caballus.EquCab3.0.112,2506966135,30717619,30984541,30851080,0.012306141502785
Erinaceus_europaeus.HEDGEHOG.112,3377541562,481962,512868,497415,0.000147271318759275
Erpetoichthys_calabaricus.fErpCal1.1.112,3811022027,22225987,21708069,21967028,0.0057640779413947
Erythrura_gouldiae.GouldianFinch.112,1070785140,10574402,10597831,10586116,0.00988631201960834
Esox_lucius.fEsoLuc1.pri.112,918748614,26800314,27028033,26914173,0.0292943821518516
Falco_tinnunculus.FalTin1.0.112,1179901403,12808709,12573113,12690911,0.010755908051073
Felis_catus.Felis_catus_9.0.112,2521863845,25801369,25340701,25571035,0.0101397365487033
Ficedula_albicollis.FicAlb1.5.112,1118343587,16922589,16573586,16748087,0.014975797415647
Fukomys_damarensis.DMR_v1.0.112,2333908851,9027256,8999756,9013506,0.00386197858418422
Fundulus_heteroclitus.Fundulus_heteroclitus-3.0.2.112,1021898560,3857706,3915356,3886531,0.00380324540236166
Gadus_morhua.gadMor3.0.112,669949713,19894838,19555582,19725210,0.0294428217778787
Gadus_morhua_gca010882105v1.gadMor_Celtic.112,684268512,22336671,22479294,22407982,0.0327473522557765
Gallus_gallus.bGalGal1.mat.broiler.GRCg7b.112,1053332251,37438540,37047621,37243080,0.0353573907612177
Gallus_gallus_gca000002315v5.GRCg6a.112,1065365425,37710978,37776217,37743597,0.035427841109073
Gallus_gallus_gca016700215v2.bGalGal1.pat.whiteleghornlayer.GRCg7w.112,1048336660,37681285,37513411,37597348,0.0358638111539474
Gambusia_affinis.ASM309773v1.112,598663367,11140423,11220062,11180242,0.0186753401264988
Gasterosteus_aculeatus.GAculeatus_UGA_version5.112,471877818,21635689,21268877,21452283,0.0454615202954931
Gasterosteus_aculeatus_gca006229185v1.BOT.112,427295814,1550134,1594915,1572524,0.0036801764690351
Gasterosteus_aculeatus_gca006232265v1.BAM.112,445644378,2368363,2359025,2363694,0.00530399151585393
Gasterosteus_aculeatus_gca006232285v1.SYL.112,431811987,1969382,1877859,1923620,0.00445476285492742
Geospiza_fortis.GeoFor_1.0.112,1065292181,7292205,7387812,7340008,0.00689013599359179
Gopherus_agassizii.ASM289641v1.112,2184966080,892086,912529,902307,0.000412961559568009
Gopherus_evgoodei.rGopEvg1_v1.p.112,2298547364,18468681,18395712,18432196,0.00801906294761912
Gorilla_gorilla.gorGor4.112,3063362794,25406063,24879532,25142797,0.00820758058733542
Gouania_willdenowi.fGouWil2.1.112,937150793,20597085,20622612,20609848,0.0219920296220675
Heterocephalus_glaber_female.Naked_mole-rat_maternal.112,2500150894,33955917,34716351,34336134,0.0137336246713755
Heterocephalus_glaber_male.Naked_mole-rat_paternal.112,2499457497,33277139,34660233,33968686,0.0135904235382163
Hippocampus_comes.H_comes_QL1_v1.112,493775940,5024000,5030988,5027494,0.0101817314144549
Homo_sapiens.GRCh38.112,3099750718,66111980,63716724,64914352,0.0209417975526379
Hucho_hucho.ASM331708v1.112,2487549814,2314446,2204091,2259268,0.000908230254238438
Ictalurus_punctatus.ASM400665v3.112,1036985268,24058069,23739406,23898737,0.0230463611562127
Ictidomys_tridecemlineatus.SpeTri2.0.112,2478410228,12542126,12656299,12599212,0.00508358618668515
Jaculus_jaculus.JacJac1.0.112,2835250225,11481260,11723650,11602455,0.00409221552923076
Junco_hyemalis.ASM382977v1.112,958315288,14856649,14726530,14791589,0.0154349922047784
Kryptolebias_marmoratus.ASM164957v1.112,680366784,6728669,6697486,6713077,0.00986684999601627
Labrus_bergylta.BallGen_V1.112,805480521,3357174,3350925,3354049,0.00416403489911335
Larimichthys_crocea.L_crocea_2.0.112,657939657,20170135,19908978,20039556,0.0304580454860772
Lates_calcarifer.ASB_HGAPassembly_v1.112,668464831,6848235,6666355,6757295,0.0101086769065941
Laticauda_laticaudata.latLat_1.0.112,1558706106,439744,440417,440080,0.000282336739623961
Latimeria_chalumnae.LatCha1.112,2860591921,3802756,3651453,3727104,0.0013029135587774
Lepidothrix_coronata.Lepidothrix_coronata-1.0.112,1079577334,6294878,6305688,6300283,0.00583587928495727
Lepisosteus_oculatus.LepOcu1.112,945878036,19976122,20602423,20289272,0.0214501988922386
Leptobrachium_leishanense.ASM966780v1.112,3549060464,29877161,29135511,29506336,0.00831384426929279
Lonchura_striata_domestica.LonStrDom1.112,1060169706,5161638,5139023,5150330,0.0048580241171313
Loxodonta_africana.loxAfr3.112,3196760833,13308172,12989186,13148679,0.00411312565652921
Lynx_canadensis.mLynCan4_v1.p.112,2408883772,22125716,21949202,22037459,0.00914841108406952
Macaca_fascicularis.Macaca_fascicularis_6.0.112,2906155132,34790231,33209607,33999919,0.0116992787568781
Macaca_mulatta.Mmul_10.112,2971331530,35951248,34809741,35380494,0.0119072858894342
Macaca_nemestrina.Mnem_1.0.112,2948703511,16473563,16528129,16500846,0.00559596647762122
Malurus_cyaneus_samueli.mCya_1.0.112,1078874851,11871848,11719111,11795479,0.0109331300002654
Manacus_vitellinus.ASM171598v2.112,1213150360,11574647,11429858,11502252,0.00948130782403593
Mandrillus_leucophaeus.Mleu.le_1.0.112,3062009387,6374371,6324498,6349434,0.0020736167651729
Marmota_marmota_marmota.marMar2.1.112,2510587379,13610180,13741959,13676069,0.00544735830124636
Mastacembelus_armatus.fMasArm1.2.112,591951587,17162047,17312683,17237365,0.0291195519676848
Maylandia_zebra.M_zebra_UMD2a.112,957485262,22230496,21682960,21956728,0.022931661584155
Meleagris_gallopavo.Turkey_5.1.112,1115474681,13871705,13751958,13811831,0.0123820210671371
Melopsittacus_undulatus.bMelUnd1.mat.Z.112,1171617451,15888227,15659598,15773912,0.0134633638194247
Meriones_unguiculatus.MunDraft-v1.0.112,2523124066,2483691,2391564,2437627,0.000966114600882254
Mesocricetus_auratus.MesAur1.0.112,2504925039,12133444,12502327,12317885,0.00491746651425444
Microcebus_murinus.Mmur_3.0.112,2487409138,25732840,25340501,25536670,0.0102663729942444
Mola_mola.ASM169857v1.112,639451992,9661427,9815210,9738318,0.0152291620353573
Monodelphis_domestica.ASM229v1.112,3600504728,29939053,29102784,29520918,0.00819910546719327
Monodon_monoceros.NGI_Narwhal_1.112,2355574979,19549830,19521474,19535652,0.00829336878433535
Monopterus_albus.M_albus_1.0.112,684144148,5826445,5868931,5847688,0.00854745014935069
Moschus_moschiferus.MosMos_v2_BIUU_UCD.112,3069608437,12960938,13055221,13008079,0.00423769978059909
Mus_caroli.CAROLI_EIJ_v1.1.112,2553112587,41095698,40467657,40781677,0.0159733171218743
Mus_musculus_129s1svimj.129S1_SvImJ_v1.112,2732657393,43051569,42510929,42781249,0.0156555480059772
Mus_musculus_aj.A_J_v1.112,2629979094,42894707,42507196,42700951,0.0162362321044366
Mus_musculus_akrj.AKR_J_v1.112,2712691254,43060413,42461974,42761193,0.01576338366445
Mus_musculus_balbcj.BALB_cJ_v1.112,2627327954,43057676,42468577,42763126,0.0162762802165199
Mus_musculus_c3hhej.C3H_HeJ_v1.112,2701115015,42960050,42683312,42821681,0.0158533349236149
Mus_musculus_c57bl6nj.C57BL_6NJ_v1.112,2806783987,43584955,43212680,43398817,0.0154621150758332
Mus_musculus_casteij.CAST_EiJ_v1.112,2653974351,42518477,41837058,42177767,0.015892303926791
Mus_musculus_cbaj.CBA_J_v1.112,2921711655,43289521,42840623,43065072,0.0147396721802789
Mus_musculus_dba2j.DBA_2J_v1.112,2606145858,42861352,42424480,42642916,0.016362444131475
Mus_musculus_fvbnj.FVB_NJ_v1.112,2588602990,42651352,42182808,42417080,0.0163860893941098
Mus_musculus.GRCm39.112,2728222451,55022031,54729017,54875524,0.0201140211201935
Mus_musculus_lpj.LP_J_v1.112,2730782202,42919967,42443297,42681632,0.0156298191663694
Mus_musculus_nodshiltj.NOD_ShiLtJ_v1.112,2982046949,43543680,42981292,43262486,0.0145076475118903
Mus_musculus_nzohlltj.NZO_HlLtJ_v1.112,2699250994,43473895,42831986,43152940,0.015987005319595
Mus_musculus_pwkphj.PWK_PhJ_v1.112,2559971091,42281366,41880204,42080785,0.0164379922679369
Mus_musculus_wsbeij.WSB_EiJ_v1.112,2689641256,42839261,42250443,42544852,0.0158180396382201
Mus_pahari.PAHARI_EIJ_v1.1.112,2475012951,39302527,38811150,39056838,0.0157804580312275
Mus_spicilegus.MUSP714.112,2496083520,5032055,4991318,5011686,0.00200781983449015
Mus_spretus.SPRET_EiJ_v1.112,2625571169,41964086,41474948,41719517,0.0158896919240204
Mustela_putorius_furo.MusPutFur1.0.112,2410758013,13390430,13374809,13382619,0.00555120793038302
Myotis_lucifugus.Myoluc2.0.112,2034575300,6582124,6545720,6563922,0.00322618779457315
Myripristis_murdjan.fMyrMur1.1.112,835254674,18611964,18491851,18551907,0.0222110783423165
Naja_naja.Nana_v5.112,1768535092,17810498,17732574,17771536,0.0100487324681257
Nannospalax_galili.S.galili_v1.0.112,3061408210,6367604,6365284,6366444,0.00207958023343774
Neogobius_melanostomus.RGoby_Basel_V2.112,1003738541,7949987,7953149,7951568,0.00792195145966802
Neolamprologus_brichardi.NeoBri1.0.112,847910432,8939635,8901669,8920652,0.0105207480216495
Neovison_vison.NNQGG.v01.112,2447205843,8978405,8898351,8938378,0.00365248310662848
Nomascus_leucogenys.Nleu_3.0.112,2962060179,21664542,21549085,21606813,0.00729452195238468
Notamacropus_eugenii.Meug_1.0.112,2955773937,285016,299298,292157,9.88428094391171E-05
Notechis_scutatus.TS10Xv2-PRI.112,1665525958,7358533,7407693,7383113,0.00443290178969399
Nothobranchius_furzeri.Nfu_20140520.112,1242518059,19642862,19686600,19664731,0.0158265152426247
Nothoprocta_perdicaria.notPer1.112,965904370,5040137,5048924,5044530,0.00522259776089428
Numida_meleagris.NumMel1.0.112,1043264150,17307748,16943096,17125422,0.016415230984406
Ochotona_princeps.OchPri2.0-Ens.112,4781903803,990735,1035174,1012954,0.000211830693742628
Octodon_degus.OctDeg1.0.112,2995872505,10357441,10719296,10538368,0.00351762899870133
Oncorhynchus_kisutch.Okis_V2.112,2375894934,41392915,41057655,41225285,0.0173514764521149
Oncorhynchus_mykiss.USDA_OmykA_1.1.112,2341671972,43515922,42811594,43163758,0.018432879803884
Oncorhynchus_tshawytscha.Otsh_v2.0.112,2294859190,47956896,45246338,46601617,0.0203069614044599
Ornithorhynchus_anatinus.mOrnAna1.p.v1.112,1858552590,20792925,20993164,20893044,0.0112415672886609
Oryctolagus_cuniculus.OryCun2.0.112,2737490501,19857862,19409190,19633526,0.0071720891790594
Oryzias_javanicus.OJAV_1.1.112,809679899,19609936,19802862,19706399,0.0243385059013303
Oryzias_latipes.ASM223467v1.112,734057086,21829911,21767961,21798936,0.029696513276353
Oryzias_latipes_hni.ASM223471v1.112,677633405,20919609,20626479,20773044,0.0306552832943647
Oryzias_latipes_hsok.ASM223469v1.112,744414398,21802128,21801927,21802027,0.0292874869945758
Oryzias_melastigma.Om_v0.7.RACA.112,779452910,19051423,18823335,18937379,0.0242957319897619
Oryzias_sinensis.ASM858656v1.112,813986518,4331067,4250931,4290999,0.00527158485443121
Otolemur_garnettii.OtoGar3.112,2519404493,11240966,11300770,11270868,0.0044736238390125
Otus_sunia.OtuSun1.0.112,1231433939,10918234,11094121,11006177,0.00893769178469914
Ovis_aries.Oar_v3.1.112,2619054388,20778515,20241049,20509782,0.00783098743346906
Ovis_aries_rambouillet.ARS-UI_Ramb_v2.0.112,2628146905,41378024,40818879,41098451,0.0156378058326233
Pan_paniscus.panpan1.1.112,3286643896,26373233,25886113,26129673,0.00795025984768263
Panthera_leo.PanLeo1.0.112,2406807619,17604418,17557097,17580757,0.00730459587264586
Panthera_pardus.PanPar1.0.112,2578019207,14870592,14885082,14877837,0.00577103419540194
Panthera_tigris_altaica.PanTig1.0.112,2391065193,9378075,9358702,9368388,0.00391808137537469
Pan_troglodytes.Pan_tro_3.0.112,3231170666,30292232,30107872,30200052,0.00934647380832591
Papio_anubis.Panubis1.0.112,2869821163,23574762,23639342,23607052,0.00822596623941615
Parambassis_ranga.fParRan2.2.112,551012959,17376225,17235666,17305945,0.0314075099638446
Paramormyrops_kingsleyae.PKINGS_0.1.112,799421083,4980107,4795371,4887739,0.00611409819423039
Parus_major.Parus_major1.1.112,1020310768,16268206,16160607,16214406,0.0158916346945777
Pavo_cristatus.AIIM_Pcri_1.0.112,1027510962,1235076,1212828,1223952,0.00119118145232985
Pelodiscus_sinensis.PelSin_1.0.112,2202483752,6258481,6157282,6207881,0.0028185819733575
Pelusios_castaneus.Pelusios_castaneus-1.0.112,2044278682,11613165,11422335,11517750,0.0056341388781356
Periophthalmus_magnuspinnatus.fPerMag1.2.pri.112,701696780,17415488,17521911,17468699,0.0248949396632545
Peromyscus_maniculatus_bairdii.HU_Pman_2.1.112,2512423440,16125589,16377105,16251347,0.00646839491355804
Petromyzon_marinus.Pmarinus_7.0.112,885550958,813199,808724,810961,0.000915769999087958
Phascolarctos_cinereus.phaCin_unsw_v4.1.112,3192581492,12683981,12809273,12746627,0.00399257686356343
Phasianus_colchicus.ASM414374v1.112,1017507340,10360345,10282111,10321228,0.0101436398483376
Phocoena_sinus.mPhoSin1.pri.112,2371524154,24164150,23789135,23976642,0.0101102246669338
Physeter_catodon.ASM283717v2.112,2512132974,16801802,16797343,16799572,0.00668737370747159
Piliocolobus_tephrosceles.ASM277652v2.112,3038007327,12227040,12149000,12188020,0.00401184680882108
Podarcis_muralis.PodMur_1.0.112,1511002858,21372273,21531068,21451670,0.0141969751323925
Poecilia_formosa.PoeFor_5.1.2.112,748923461,5076005,4900700,4988352,0.0066606966663046
Poecilia_latipinna.P_latipinna-1.0.112,815144743,1037474,1077334,1057404,0.00129719784011415
Poecilia_mexicana.P_mexicana-1.0.112,801711499,1081783,1087979,1084881,0.00135320623610015
Poecilia_reticulata.Guppy_female_1.0_MT.112,731622281,17562031,17504343,17533187,0.0239648073265828
Pogona_vitticeps.pvi1.1.112,1816116151,5373298,5411235,5392266,0.00296911956706672
Pongo_abelii.Susie_PABv2.112,3065052215,23985620,23373178,23679399,0.00772561031231894
Procavia_capensis.proCap1.112,2993339806,436241,451008,443624,0.000148203688438839
Prolemur_simus.Prosim_1.0.112,2411593676,4792795,4736598,4764696,0.00197574576821042
Propithecus_coquereli.Pcoq_1.0.112,2798152141,8196288,8308716,8252502,0.00294926851155804
Pseudonaja_textilis.EBS10Xv2-PRI.112,1590035073,11151255,11319516,11235385,0.00706612400618411
Pteropus_vampyrus.pteVam1.112,1999614463,857373,882127,869750,0.000434958846364375
Pundamilia_nyererei.PunNye1.0.112,830133247,6014885,6044528,6029706,0.00726353994589498
Pygocentrus_nattereri.fPygNat1.pri.112,1222050449,24575173,24611016,24593094,0.0201244506886966
Rattus_norvegicus.mRatBN7.2.112,2647915728,33561767,34026139,33793953,0.0127624730057119
Rattus_norvegicus_shrspbbbutx.UTH_Rnor_SHRSP_BbbUtx_1.0.112,2907517304,32381558,32319921,32350739,0.0111265851988202
Rattus_norvegicus_shrutx.UTH_Rnor_SHR_Utx.112,2866391611,32182351,32311113,32246732,0.0112499394277637
Rattus_norvegicus_wkybbb.UTH_Rnor_WKY_Bbb_1.0.112,2910747220,32168275,32359543,32263909,0.0110844077350008
Rhinolophus_ferrumequinum.mRhiFer1_v1.p.112,2075768562,20624498,20468918,20546708,0.0098983616845046
Rhinopithecus_bieti.ASM169854v1.112,2977074946,5506344,5612657,5559500,0.00186743703159699
Rhinopithecus_roxellana.Rrox_v1.112,2899552139,4689047,4531924,4610485,0.00159006797566678
Saccharomyces_cerevisiae.R64-1-1.112,12157105,1240916,1205292,1223104,0.100608162880883
Saimiri_boliviensis_boliviensis.SaiBol1.0.112,2608588537,16496440,16673881,16585160,0.00635790572746813
Salarias_fasciatus.fSalaFa1.1.112,797490645,18996323,19157026,19076674,0.0239208749589784
Salmo_salar_gca021399835v1.USDA_NASsal_1.1.112,2829823532,59439497,59329508,59384502,0.0209852315271509
Salmo_salar_gca923944775v1.Ssal_Brian_v1.0.112,2624445891,57669010,57269248,57469129,0.0218976238744638
Salmo_salar_gca931346935v2.Ssal_ALTA.112,2621787693,30057048,29632408,29844728,0.0113833504061688
Salmo_salar.Ssal_v3.1.112,2756584103,66792176,66892388,66842282,0.0242482287869452
Salmo_trutta.fSalTru1.1.112,2371880186,40093608,39196700,39645154,0.0167146528876143
Salvator_merianae.HLtupMer3.112,2026218827,15453315,15325994,15389654,0.00759525762712696
Sander_lucioperca.SLUC_FBN_1.112,900477767,9607527,9639046,9623286,0.0106868668529825
Sarcophilus_harrisii.mSarHar1.11.112,3086674442,42039153,39451750,40745451,0.0132004368344072
Sciurus_vulgaris.mSciVul1.1.112,2878591032,19597132,19901415,19749273,0.00686074290528117
Scleropages_formosus.fSclFor1.1.112,784546363,22516273,22234763,22375518,0.0285203259555484
Scophthalmus_maximus.ASM1334776v1.112,556696898,17407342,17921965,17664653,0.0317311863304113
Serinus_canaria.SCA1.112,1152083301,12163882,12133825,12148853,0.0105451168239787
Seriola_dumerili.Sdu_1.0.112,677686174,11237872,11348780,11293326,0.0166645365263125
Seriola_lalandi_dorsalis.Sedor1.112,732509836,4584804,4614180,4599492,0.00627908565039392
Sinocyclocheilus_anshuiensis.SAMN03320099.WGS_v1.1.112,1632718266,4156841,4253640,4205240,0.00257560663561536
Sinocyclocheilus_grahami.SAMN03320097.WGS_v1.1.112,1750287761,4785175,4774054,4779614,0.0027307589680392
Sinocyclocheilus_rhinocerous.SAMN03320098_v1.1.112,1655786410,3487148,3537237,3512192,0.00212116247529777
Sorex_araneus.COMMON_SHREW1.112,2944193050,551801,541909,546855,0.000185740197980564
Sparus_aurata.fSpaAur1.1.112,833578411,21887008,22101320,21994164,0.026385237081194
Spermophilus_dauricus.ASM240643v1.112,3106271744,4121710,4107551,4114630,0.00132462010381021
Sphaeramia_orbicularis.fSphaOr1.1.112,1342662642,21014623,21444649,21229636,0.0158115935722892
Sphenodon_punctatus.ASM311381v1.112,4272214985,6000108,5871885,5935996,0.00138944224970926
Stachyris_ruficeps.ASM869450v1.112,1041446934,11409262,11239452,11324357,0.0108736764498459
Stegastes_partitus.Stegastes_partitus-1.0.2.112,800491834,1805269,1715407,1760338,0.00219907052793246
Strigops_habroptila.bStrHab1_v1.p.112,1165621973,21679807,20964409,21322108,0.0182924725973744
Strix_occidentalis_caurina.Soccid_v01.112,1255541132,5354369,5461063,5407716,0.00430707992129723
Struthio_camelus_australis.ASM69896v1.112,1225041896,6097778,6009919,6053848,0.00494174772288768
Suricata_suricatta.meerkat_22Aug2017_6uvM2_HiC.112,2353578744,22708137,22664773,22686455,0.00963913149616718
Sus_scrofa_bamei.Bamei_pig_v1.112,2460755741,5165465,5344800,5255132,0.00213557644606548
Sus_scrofa_berkshire.Berkshire_pig_v1.112,2434706773,5283969,5348955,5316462,0.00218361490548168
Sus_scrofa_hampshire.Hampshire_pig_v1.112,2437109612,5447764,5314811,5381287,0.00220806112843808
Sus_scrofa_jinhua.Jinhua_pig_v1.112,2453702738,5145393,5162511,5153952,0.00210047937762867
Sus_scrofa_landrace.Landrace_pig_v1.112,2440981886,4627902,4678512,4653207,0.00190628493668388
Sus_scrofa_largewhite.Large_White_v1.112,2457907103,6226205,6245081,6235643,0.00253697261071791
Sus_scrofa_meishan.Meishan_pig_v1.112,2467495771,4067271,4083136,4075203,0.0016515541983476
Sus_scrofa_pietrain.Pietrain_pig_v1.112,2438316299,5143693,5134036,5138864,0.00210754609732443
Sus_scrofa_rongchang.Rongchang_pig_v1.112,2459027728,6289732,6267214,6278473,0.00255323391782429
Sus_scrofa.Sscrofa11.1.112,2501912388,52525908,50040291,51283099,0.0204975598849787
Sus_scrofa_tibetan.Tibetan_Pig_v2.112,2437742524,2930354,3029986,2980170,0.00122251220982516
Sus_scrofa_usmarc.USMARCv1.0.112,2755438035,30117729,28821586,29469657,0.0106950897191923
Sus_scrofa_wuzhishan.minipig_v1.0.112,2508912457,11132937,11177770,11155353,0.00444629025172878
Taeniopygia_guttata.bTaeGut1_v1.p.112,1057995280,28360008,27883622,28121815,0.0265802839876564
Takifugu_rubripes.fTakRub1.2.112,384110215,14999285,14949422,14974353,0.0389845216691256
Terrapene_carolina_triunguis.T_m_triunguis-2.0.112,2571267249,14364525,14762830,14563677,0.00566400750667361
Tetraodon_nigroviridis.TETRAODON8.112,358618246,11882373,11796835,11839604,0.0330145053467246
Theropithecus_gelada.Tgel_1.0.112,2889614139,20120411,20471870,20296140,0.00702382360539799
Tupaia_belangeri.TREESHREW.112,3670341392,978871,942428,960649,0.00026173287370321
Tursiops_truncatus.turTru1.112,2521923936,1011838,994850,1003344,0.000397848636779821
Urocitellus_parryii.ASM342692v1.112,2520505282,7197530,7139865,7168697,0.00284415075468983
Ursus_americanus.ASM334442v1.112,2588393916,821924,827515,824719,0.000318621904843019
Ursus_maritimus.UrsMar_1.0.112,2301379344,11919950,12234259,12077104,0.00524776761879201
Ursus_thibetanus_thibetanus.ASM966005v1.112,2373594928,14398359,14136106,14267232,0.00601081163078724
Varanus_komodoensis.ASM479886v1.112,1507945839,13264209,13356057,13310133,0.0088266651598221
Vicugna_pacos.vicPac1.112,2967746133,1711181,1693509,1702345,0.000573615438689547
Vombatus_ursinus.bare-nosed_wombat_genome_assembly.112,3486597218,16128093,15986976,16057534,0.0046055030151177
Vulpes_vulpes.VulVul2.2.112,2421551259,14375765,14340931,14358348,0.00592940081141599
Xenopus_tropicalis.UCB_Xtro_10.0.112,1451301209,34415154,34450636,34432895,0.0237255331880592
Xiphophorus_couchianus.Xiphophorus_couchianus-4.0.1.112,708396389,11227574,11406256,11316915,0.0159753990502061
Xiphophorus_maculatus.X_maculatus-5.0-male.112,704321165,21510297,21358966,21434631,0.0304330354746616
Zalophus_californianus.mZalCal1.pri.112,2408641788,23980476,23606709,23793592,0.00987842697014605
Zonotrichia_albicollis.Zonotrichia_albicollis-1.0.1.112,1052600561,7425546,7244961,7335253,0.00696869569690454
Zosterops_lateralis_melanops.ASM128173v1.112,1036003386,5301106,5465928,5383517,0.0051964279970027
